full_text,text_clean
Bimbingan Teknis Sistem Penghubung Layanan Pemerintah   Yuk KawanEgovt ikut Bimbingan Teknis Sistem Penghubung Layanan Pemerintah SPLP di Medan Sumatera Utara  Tertarik ikutan Yuk langsung daftar di link pada gambar  DirektoratLAIP EgovtIndonesia IntegrasikanNegeri httpstco9ncldBkpne,bimbing teknis sistem hubung layan perintah yuk kawanegovt bimbing teknis sistem hubung layan perintah splp medan sumatera utara tarik ikut yuk langsung daftar taut gambar direktoratlaip egovtindonesia integrasikannegeri
bagaimanakumaha udah lah metropolitan2 berak susah kalo gaada pemerintah yg berani berantas kriminal2 medan ini udh mendarah daging premannya semua2 duit aih janggg wkwk,bagaimanakumaha metropolitan berak susah perintah berani berantas kriminal medan darah daging preman duit aih janggg
Sungguh sistem perbankan syariah di Aceh adalah puncak ketololan Mau ke customer service disuruh ke Medan kenapa Karena pemerintah Aceh Tolol  ,sungguh sistem perban syariah aceh puncak tolol customer servis suruh medan perintah aceh tolol
Pemerintah Kota Pemkot Jakarta Pusat bersama PT Kereta Api Indonesia KAI menanam pohon di halaman Stasiun Gambir Jalan Medan Merdeka Timur Gambir  BacadiBJ BeritaJakarta DKIJakarta JAKI WeLoveJakarta  httpstcoGw1wgLUCpO,perintah kota perintah kota jakarta pusat pt kereta api indonesia kai tanam pohon halaman stasiun gambir jalan medan merdeka timur gambir bacadibj beritajakarta dkijakarta jaki welovejakarta
SammiSoh Wah mas wali bobbynasution gimana itu kok pemerintah bisa takut sama preman Anda menantu presiden kok bisa takut menertibkan preman di Medan  CC gibrantweet,sammisoh mas wali bobbynasution perintah takut preman menantu presiden takut tertib preman medan cc gibrantweet
marvindharmawan SammiSoh Ini territorial pemerintah medan Harusnya dari medan saja sudah cukup intruksinya,marvindharmawan sammisoh territorial perintah medan medan intruksinya
SammiSoh Mau lawan preman peliharaan pemerintah Walikota Medan saja mrk lawan,sammisoh lawan preman pelihara perintah walikota medan lawan
Yth Bang Wali bobbynasution serius ini kejadian di Medan Makin kesini ormas 1 ini makin jadi aja Bang Mana ada pemerintah memelihara ormas preman kyk gini ya kan Bang,hormat bang wali bobbynasution serius jadi medan kesini ormas bang perintah pelihara ormas preman ya bang
renal07071 adityaptr97 silaengunawan MauritsAlberth Tita83079013 dih kenapa ga lancar hokkien lu suka pemerintah china tapi ga belajar bhs hokkien coba lu ke medan yg sehari hari pake bhs hokkien,renal adityaptr silaengunawan mauritsalberth tita dih lancar hokkien suka perintah china ajar bahasa hokkien coba medan hari pakai bahasa hokkien
Lihat preman2 piaraan pemerintah mengganggu bisnis org di Medan Didiamkan oleh aparat karena aparat polisi juga takut dgn PP httpstcotUvvIUHd77,lihat preman piara perintah ganggu bisnis orang medan diam aparat aparat polisi takut pp
Pengelolaan Parkir Di Medan seperti apa Birokrasinya Pak Walkot Medan bobbynasution   Kenapa Lahan Parkir Di Kota Medan seolah Menjadi Lahan Basah Bagi Premanisme Mengatasnamakan Ormas  Apakah Pemerintah Kota Medan Tidak Mampu Membasmi Ormas yg meresahkan  Cc  pemkomedan,kelola parkir medan birokrasi walkot medan bobbynasution lahan parkir kota medan lahan basah preman mengatasnamakan ormas perintah kota medan basmi ormas resah cc pemkomedan
Pahlawan Melawan Preman Romy Tampubolon Mgr Mie Gacoan Medan  Dilempar batu didiamkan polisi takut dgn PP digeruduk manager resto ini tegar melawan preman piaraan pemerintah Pemuda Pancasila yg minta uang bulanan amp  izin memeras pelanggan yg masuk httpstco9gvijqXmEX httpstcoTLrSJ4NoGM,pahlawan lawan preman romy tampubolon mgr mie gaco medan lempar batu diam polisi takut pp digeruduk manager resto tegar lawan preman piara perintah pemuda pancasila uang bulan amp izin peras langgan masuk
Harusnya pemerintah menyalurkan bakat mereka ke medan perang,perintah salur bakat medan perang
fajarnugros Medan memang sarang preman Terlalu banyak oknum pemerintah yg bermain,fajarnugros medan sarang preman oknum perintah main
3 Menuntut pemerintah kota medan agar menyelesaikan segala persoalan terkait,tuntut perintah kota medan selesai kait
pencemaran lingkungan di kota medan   4 Mendesak transparansi pemerintah kota medan atas pengembalian dana lampu pocong,cemar lingkung kota medan desak transparansi perintah kota medan kembali dana lampu pocong
serta pertanggungjawaban walikota Medan dimata hukum,pertanggungjawaban walikota medan mata hukum
dengan ini menyatakan sikap sebagai berikut   1 Mendesak serta menuntut pemerintah kota atas pembangunan drainase yang,sikap desak tuntut perintah kota bangun drainase
membawa dampak lautan dikota medan  2 Menuntut dan mendesak pemerintah kota medan mengenai pengedaran narkoba dan,bawa dampak laut kota medan tuntut desak perintah kota medan edar narkoba
segala bentuk kriminalitas di kota medan,bentuk kriminalitas kota medan
Pernyataan Sikap Terhadap Pemerintah Kota Medan  Sebagai elemen dari masyarakat kota medan kami mahasiswa pada malam ini berkumpuluntuk menyuarakan kerasahan serta jeritan dari masyarakat kota medan kepada sang putramahkota medan  Maka dari itu Kami dari aliansi BEM Sumut httpstcoDYacQDz8aZ,nyata sikap perintah kota medan elemen masyarakat kota medan mahasiswa malam berkumpuluntuk suara kerasahan jerit masyarakat kota medan sang putramahkota medan aliansi bem sumut
fajarnugros Ngk bgpihak gacoan bisa melaporkan ormas itu ke polisitpi dalam berbagai kasus yg melibatkan organisiasi besar itu sulitapalgi PP ini melibatkan pemerintahtakutnya nnti izinnya dicabut bg dan ngk ada gacoan lgi di medan,fajarnugros bgpihak gaco lapor ormas polisitpi libat organisiasi sulitapalgi pp libat pemerintahtakutnya nnti izin cabut bg gaco medan
Gak tau lah pemerintah Medan ini Meskipun diatur mantu pemimpin negara ternyata tetep aja kaya Gotham  Ada temen juga yg persis di depan kafe miliknya sedang ada pekerjaan gorong2 yg bikin operasional kafe terganggu smp nyaris berhenti ga dapat kompensasi apa2,tau perintah medan atur mantu pimpin negara kaya gotham temen persis kafe milik kerja gorong bikin operasional kafe ganggu smp henti kompensasi
Wali Kota Bobby Nasution Kolaborasi dengan TNI Polisi Hingga Masyarakat Bersihkan Sungai Deli  Pemerintah Kota Medan berkolaborasi dengan TNI Polisi dan masyarakat melakukan gotong royong di aliran Sungai Deli yang melintasi sejumlah wilayah di Kota Medan dengan panjang hingga httpstcoh8DtXlro4O,wali kota bobby nasution kolaborasi tni polisi masyarakat sih sungai deli perintah kota medan kolaborasi tni polisi masyarakat gotong royong alir sungai deli lintas wilayah kota medan
kompascom Ga heran sih soalnya di Medan ormas dan premanisme gini dipelihara sama pemerintah daerah dan kota Makanya sampe sekarang masih tumbuh subur Dan saya yakin franchise yg dari jakarta mau buka cabang di medan pasti mikir soal ini ,kompascom heran sih medan ormas preman pelihara perintah daerah kota tumbuh subur franchise jakarta buka cabang medan berfikir
kompascom Wah ini parah banget sok sok jagoan kayak gini aja terang terangan ga ada tindakan apa apa shock teraphy dari pemerintah dan aparat Padahal medan itu Ah sudahlah,kompascom parah banget sok sok jago terang terang tindak shock teraphy perintah aparat medan ah
Normalisasi SungaiDeli sepanjang 345 km dimulai pada Rabu 279 Kegiatan yang ditujukan untuk mengatasi banjir di KotaMedan itu terlaksana atas kerja sama Pemerintah Kota Pemko Medan bersam TNI Angkatan Darat AD  httpstcoUwMX4Ry8Em,normalisasi sungaideli rabu giat atas banjir kotamedan laksana kerja perintah kota pemko medan bersam tni angkat darat
Balai Harta Peninggalan Medan merupakan Unit Pelaksana Teknis Instansi Pemerintah yang secara struktural berada di bawah Direktorat Perdata Direktorat Jenderal Administrasi Hukum Umum Kementerian Hukum dan HAM RI memiliki tugas yaitu,balai harta tinggal medan unit laksana teknis instansi perintah struktural direktorat perdata direktorat jenderal administrasi hukum menteri hukum ham ri milik tugas
Usul amp  saran saya Proyek KA Semi Cepat bisa dikerjakan di Sumatera dari Aceh hingga Lampung melalui Medan Pekanbaru Jambi Palembang amp  percabangan jalur ke Padang amp  Bengkulu Proyek KA Semi Cepat saran saya Pemerintah menggandeng Korea Selatan erickthohir jokowi kemenhub151,usul amp saran proyek ka semi cepat sumatera aceh lampung medan pekanbaru jambi palembang amp cabang jalur padang amp bengkulu proyek ka semi cepat saran perintah gandeng korea selatan erickthohir jokowi kemenhub
Mohon bantu viralkan gaeskarena pemerintah g ad aksi untuk masalah banjir  di daerah medansemakin hari semakin parah banjirnya,mohon bantu viralkan gaeskarena perintah aksi banjir daerah medansemakin parah banjir
Jadi pemerintah harus mengembangkan ekonomi juga sumber daya manusianya  PerekonomianMaju AirlanggaHartarto MenkoPerekonomian EkonomiDigital EkonomiIndonesia Medan,perintah kembang ekonomi sumber daya manusia perekonomianmaju airlanggahartarto menkoperekonomian ekonomidigital ekonomiindonesia medan
efwebesofficial Depok tapi lagi lama di medan Cewe 24 Tidur  nonton Kristwen Budak pemerintah  Cari temen virtualtemen ngopi klo gue lagi di depoknyari temen yang bisa telfonan malem2,efwebesofficial depok medan cewek tidur nonton kristwen budak perintah cari temen virtualtemen ngopi depoknyari temen telfonan malam
Anggota DPRD Medan dari PSI Minta Pemerintah Fasilitasi Driver Ojek Online Asuransi Kecelakaan   httpstcoXvOdnDEs1I via tribunnews,anggota dprd medan pssi perintah fasilitas driver ojek online asuransi celaka via tribunnews
berperan dalam melakukan pendampingan hukum untuk menyelamatkan memulihkan kekayaan aset Pemerintah Kota Medan,peran damping hukum selamat pulih kaya aset perintah kota medan
Pemerintah Kota Medan berkomitmen menyelaraskan program kerja dengan memerhatikan berbagai aspek kehidupan sesuai dengan ajaran agama   KolaborasiMedanBerkah MedanBerkah SalamKolaborasi httpstcohKS2vJ7x7h,perintah kota medan komitmen selaras program kerja perhati aspek hidup sesuai ajar agama kolaborasimedanberkah medanberkah salamkolaborasi
Pemerintah Kota Medan Raih Penghargaan BKN Award 2023   Atas Capaian dalam Implementasi Penerapan Manajemen Kinerja Kategori Pemerintah Kota Tipe Besar   KolaborasiMedanBerkah MedanBerkah SalamKolaborasi httpstcoGAeuKYLfvi,perintah kota medan raih harga award capai implementasi terap manajemen kerja kategori perintah kota tipe kolaborasimedanberkah medanberkah salamkolaborasi
Pemerintah Kota Tebing Tinggi menerima BKN Award Tahun 2023 dan Penghargaan dari Kanreg VI BKN Medan  bknaward2023 award bkpsdmtebingtinggi bkpsdm pnstebingtinggi asn kotatebingtinggi tebingtinggi pemkotebingtinggi kanreg6bkn httpstcoqnJxIlhfTg,perintah kota tebing terima award harga kanreg vi medan bknaward award bkpsdmtebingtinggi bkpsdm pnstebingtinggi asn kotatebingtinggi tebingtinggi pemkotebingtinggi kanregbkn
Pemerintah Kota Medan Raih Penghargaan BKN Award 2023   Atas Capaian dalam Implementasi Penerapan Manajemen Kinerja Kategori Pemerintah Kota Tipe Besar   KolaborasiMedanBerkah MedanBerkah SalamKolaborasi httpstco7G0rcHYLM7,perintah kota medan raih harga award capai implementasi terap manajemen kerja kategori perintah kota tipe kolaborasimedanberkah medanberkah salamkolaborasi
Untuk Di Medan sebaiknya Pemerintah Membangun Jalur Baru KA Layang yang terpisah dengan Jalur KA Layang Bandara di Medan supaya lebih maksimal dalam pengoperasiannya tanpa mengganggu kereta yang lain seperti KA Bandara perkeretaapian kemenhub151 BudiKaryaS,medan perintah bangun jalur ka layang pisah jalur ka layang bandara medan maksimal operasi ganggu kereta ka bandara perkeretaapian kemenhub budikaryas
Sebuah panti asuhan di Medan diduga mengeksploitasi anak dan meraih keuntungan lewat siaran live di media sosial Polisi pun menangkap para pengurus panti dan para anak dipindahkan ke panti asuhan pemerintah  Download MetroTVXtend di Play Store dan App Store  infomedan httpstcoir7N2DOaqq,panti asuh medan duga eksploitasi anak raih untung siar live media sosial polisi tangkap urus panti anak pindah panti asuh perintah download metrotvxtend play store app store infomedan
Pelantikan DPW Pena Pujakesuma Dihadiri Bobby dan Wakapolri di Medan Agus Bersinergi Bantu Tugas Pemerintah httpstcomPg43h6lyy,lantik dpw pena pujakesuma hadir bobby wakapolri medan agus sinergi bantu tugas perintah
Selamat pagi semua Kabar baik nih untuk warga Kota Medan Sumatera Utara Pemerintah Kota Medan akan menggelar gerakan pangan murah di 21 kecamatan se Kota Medan mulai 25 September mendatang Jadi jangan lewatkan kesempatan ini ya    PanganMurahMedan2021,selamat pagi kabar nih warga kota medan sumatera utara perintah kota medan gelar gera pangan murah camat kota medan september lewat sempat ya panganmurahmedan
BERITA  Menhan Dukung Program Pemuda Bela Negara Yang   Pemerintah Kota Medan Jokowinomics MenataMasaDepan BersamaPrabowo httpstcojOZTyxFFNV,berita menhan dukung program pemuda bela negara perintah kota medan jokowinomics menatamasadepan bersamaprabowo
BERITA  Menhan Dukung Program Pemuda Bela Negara Yang   Pemerintah Kota Medan Jokowinomics MenataMasaDepan BersamaPrabowo httpstcofpEl9XFCiy,berita menhan dukung program pemuda bela negara perintah kota medan jokowinomics menatamasadepan bersamaprabowo
UNDANGAN KONFERENSI PERS  Pendaftaran Gugatan Peraturan Pemerintah No 24 Tahun 2021 terkait PemutihanPengampunan Perkebunan Sawit di Kawasan Hutan   Rabu 20 September 2023  1100 WIB  Selesai  Gedung Mahkamah Agung Jl Medan Merdeka Utara No913 Jakpus 10110 httpstcoNuNjegY7tJ,undang konferensi pers daftar gugat atur perintah nomor kait pemutihanpengampunan kebun sawit kawasan hutan rabu september wib selesai gedung mahkamah agung jalan medan merdeka utara nomor jakarta pusat
Ustadz AdiHidayatLcMa kmarin brceramah di medan brkata kita hrs lembut mngkritik pemerintah jgn mencaci maki krn firaun aja msh dgn lemah lembut dinasehati nabi musa dan harun Sy brfikir iya jg ya Tp sy rasa nggk brlaku utk di konoha krn bedanya dia nggk ngaku tuhan aja,ustadz adihidayatlcma kemarin brceramah medan brkata lembut mngkritik perintah caci maki firaun lemah lembut nasehat nabi musa harun brfikir iya ya brlaku konoha beda ngaku tuhan
Pemerintah Kota atau Pemko Medan akan memulai normalisasi sungai Deli sepanjang 32 kilometer km pada 27 September 2023 Warga yang berada di bantaran sungai tersebut tidak digusur,perintah kota pemko medan normalisasi sungai deli kilometer september warga bantaran sungai gusur
ngabdul Nggak gitu jg kaleee di medan macetnya luar biasa Hrs nya sdh ada LrtMrt dan tol dalam kota di jantung kota Medan untk ngurangi kemacetan Knp pemerintah ngk pernah mau buat,ngabdul kaleee medan macet nya lrtmrt tol kota jantung kota medan untk ngurangi macet perintah
Minggu 17 September 2023 BAZNAS Kota Medan telah menyelenggarakan khitanan massal loh sobatbaznas  Kegiatan ini berkolaborasi dengan Pemerintah Kecamatan Medan Amplas Nah untuk informasi selengkapnya yuk lihat video tayangan berikut ini httpstco9ZTJOx5xYK,minggu september baznas kota medan selenggara khitan massal sobatbaznas giat kolaborasi perintah camat medan amplas informasi lengkap yuk lihat video tayang
Tinggal di kota medan serasa hidup di padang gurun knapa Air sering mati Bingung dgn pemerintah skrg Dl jarang banget mati air tp setelah pemerintahan yg skrg dah kayak mkn obattttt,tinggal kota medan serasa hidup padang gurun air mati bingung perintah jarang banget mati air perintah makan obattttt
Dua ribu warga Petisah Tengah Medan terancam di gusur karena sertifikat HGB mereka tdk di perpanjang Pemkot Medan Protes Demi protes dan mendatangi instansi pemerintah terkait utk dialog sdh masyarakat tempuh tapi sepertinya akan nihil httpstco8j2gO9WSGQ,ribu warga petisah medan ancam gusur sertifikat hgb panjang perintah kota medan protes protes instansi perintah kait dialog masyarakat tempuh nihil
99propaganda prabowo Zaman itu mertuanya presiden ibarat sekarang Si Boby walikota Medan mau minta apa aja sama pemerintah pusat akan selalu lancar Lain lagi dg walikota Solo gak perlu minta ataupun lobi program proyek pempus datang dengan sendirinya,propaganda prabowo zaman mertua presiden boby walikota medan perintah pusat lancar walikota solo lobi program proyek pempus
Judakusumah1 faridgaban Masalahnya disitu Makanya yg namanya pemerintah haruslah netral Ibarat ente mau nyerang lawan kalo punya data berapa besar kekuatan musuh ente kan bisa mengimbangi dan memperkuat armada untuk bisa menang di medan perang Ini namanya ga fair,judakusumah faridgaban situ nama perintah netral ente nyerang lawan data kuat musuh ente imbang kuat armada menang medan perang nama fair
Pemerintah Kota Pemko Medan mengajak alim ulama bersinergi dan berkolaborasi dalam menyelesaikan permasalahan umat   KolaborasiMedanBerkah MedanBerkah SalamKolaborasi httpstcoJ2HTwX6o4j,perintah kota pemko medan ajak alim ulama sinergi kolaborasi selesai masalah umat kolaborasimedanberkah medanberkah salamkolaborasi
volcraslayer Pemerintah mah banyak cocote tapi gak terlaksana Nih Medan aja q begal aja gak diperbaiki Gak dihukum mati aja seklian ya ,volcraslayer perintah mah cocote laksana nih medan begal baik hukum mati ya
Dorong Industri Film Wali Kota Bobby Nasution Sediakan Bioskop Lapangan Merdeka  Guna membangkitkan kembali perfilman dan mendorong industri film di Kota Medan tumbuh dan berkembang Pemerintah Kota Pemkot Medan akan menyediakan bioskop di Lapangan Merdeka  Sediakan Bioskop httpstcoQ5AknUzD9G,dorong industri film wali kota bobby nasution sedia bioskop lapang merdeka bangkit film dorong industri film kota medan tumbuh kembang perintah kota perintah kota medan sedia bioskop lapang merdeka sedia bioskop
Dari IKN Kalimatan Bermuara menggurita ke Pemerintah Kota Medan hingga ke Pulau Rembang Tanah Rakyat Melayu httpstcog2JHGHqOAN,ikn kalimat muara gurita perintah kota medan pulau rembang tanah rakyat melayu
Kamis 149CANDRA httpstcoc06AwwyIMf Luhkan Agam di KUB Bunga Karang Jorong Masang Nagari Tiku V Jorong melaporkan pendampingan Bantuan Pemerintah berupa alat tangkap Gill Net masing2 Anggota 10 pieceanggota GistluhSatmonkal Medan Agam Tangkap bpppMedan httpstcoPTuGRkQwJx,kamis candra agam kub bunga karang jorong pasang nagari tiku v jorong lapor damping bantu perintah alat tangkap gill net anggota pieceanggota gistluhsatmonkal medan agam tangkap bpppmedan
MinmonPS7 Mon pemerintah kita tuh aneh ya Giliran Papua Merdeka dan Aceh Merdeka ngak boleh Giliran Padang Merdeka Cabangnya dimana Trus Medan Merdeka jg biasa aja ,minmonps mon perintah tuh aneh ya gilir papua merdeka aceh merdeka gilir padang merdeka cabang mana medan merdeka
Ekawati Liu Tuli kelahiran Medan dan mendapatkan pendidikan S3 di Deakin University Sempat berkarir di the World Bank dan The Asia Foundation Pernah jadi pengajar untuk sekolah Tuli di Guam dan Jamaika Sampai skg belum dapat kredit dari pemerintah  httpstcoxu6gcv8SFd,ekawati liu tuli lahir medan didik s deakin university berkarir the dunia bank the asia foundation ajar sekolah tuli guam jamaika skg kredit perintah
BERITA  Pesta Rakyat Pemuda Bela Negara Berlangsung Meriah   Pemerintah Kota Medan Jokowinomics MenataMasaDepan PrabowoPetugasRakyat httpstcoUJSjGYSJ13,berita pesta rakyat pemuda bela negara riah perintah kota medan jokowinomics menatamasadepan prabowopetugasrakyat
nurihuri7 PartaiSocmed Beli gas juga kak wkwkwk di Medan kalau beli gas 3kg tu disuruh bawa KTP trus dipoto  dgn mengatasnamakan pemerintah wkwk,nurihuri partaisocmed beli gas kak wkwkwk medan beli gas kg suruh bawa ktp dipoto mengatasnamakan perintah
Personil Polsek Deli Tua melaksanakan pengamanan kegiatan dalam rangka mendukung pemerintah dlm penyaluran bantuan program sembako dan program keluarga tw III tahun 2023 di lapangan bola sejati pratama jlkarya jaya kelpangkalan mansyur kecmedan johor  httpstcolx4yeaCQ86,personil polsek deli tua laksana aman giat rangka dukung perintah salur bantu program sembako program keluarga tw lapang bola sejati pratama jlkarya jaya kelpangkalan mansyur kecmedan johor
Sejarah Batam Pulau Batam dihuni pertama kali oleh orang melayu dengan sebutan orang selat sejak tahun 231 Masehi  Pulau yang pernah menjadi medan perjuangan Laksamana Hang Nadim melawan penjajah ini digunakan oleh pemerintah pada dekade 1960an sebagai basis logistik,sejarah batam pulau batam huni kali orang melayu sebut orang selat masehi pulau medan juang laksamana hang nadim lawan jajah perintah dekade an basis logistik
KompasTV tp kdang masyarakat kita ini kurang ajar tanah kosong milik pemerintah krn ga di pakai lagi malah di garap jdi pemukiman sendiri di usir blg uda tinggal puluhan tahun jd harus ganti rugi padahal itu tanah milik pemerintah  kalo org medan tau lh mksdku dmn ini,kompastv kdang masyarakat ajar tanah kosong milik perintah pakai garap mukim usir bilang tinggal puluh ganti rugi tanah milik perintah orang medan tau lh mksdku mana
Kapolsek Deli Tua Kompol Dedy DharmaSH melaksanakan kegiatan Safari Jumat yang diadakan oleh pemerintah kota medan yang dihadiri oleh Walikota Medan di Mesjid Al Buchari Jl Eka Rasmi No 69 Kel Gedung Johor Kec MJohor polrestabesmdn kapolrestabesmedan bhabinkamtibmas httpstcoUD8Xvc5UAw,kapolsek deli tua kompol dedy dharmash laksana giat safari jumat ada perintah kota medan hadir walikota medan masjid al buchari jalan eka rasmi nomor kel gedung johor kec mjohor polrestabesmdn kapolrestabesmedan bhabinkamtibmas
Suasana di Medan mencekam untuk mempertahankan tanah yg mau di berikan ke 9 cacing oleh pemerintah httpstco72nTMI85kZ,suasana medan cekam tahan tanah cacing perintah
Polrestabes Medan dan Pemda Menutup Club Malam Yang Mengedarkan Narkoba  MEDAN  Tim gabungan dari Polrestabes Medan bersama Denpom AD Dinas PTSP Sumut Dinas Pariwisata Sumut Satpol PP Sumut dan Pemerintah Kota Medan httpstcoW2jciaJda3,polrestabes medan pemda tutup club malam edar narkoba medan tim gabung polrestabes medan denpom dinas ptsp sumut dinas pariwisata sumut satpol pp sumut perintah kota medan
httpstcoTCnzNkPmIQ Medan StartNews DPRD Sumatera Utara mendesak pemerintah pusat melalui Kementerian Keuangan dan kementrian terkait untuk menyalurkan dana bagi hasil dari Taman Nasional Gunung Leuser dan Taman Nasional Batang Gadis di Kabupaten Mandailing Natal,medan startnews dprd sumatera utara desak perintah pusat menteri uang menteri kait salur dana hasil taman nasional gunung leuser taman nasional batang gadis kabupaten mandailing natal
Tim gabungan dari Polrestabes Medan bersama Denpom AD Dinas PTSP Sumut Dinas Pariwisata Sumut Satpol PP Sumut dan Pemerintah Kota Medan menindaklanjuti perizinan operasional tempat hiburan TRAXX Club amp  KTV yang berlokasi di Jalan Nibung Baru Kecamatan Medan Petisah  httpstcolVPA0WKAGY,tim gabung polrestabes medan denpom dinas ptsp sumut dinas pariwisata sumut satpol pp sumut perintah kota medan menindaklanjuti izin operasional hibur traxx club amp ktv lokasi jalan nibung camat medan petisah
Polrestabes Medan dan Pemda Menutup Club Malam Yang Mengedarkan Narkoba MEDANTim gabungan dari Polrestabes Medan bersama Denpom AD Dinas PTSP Sumut Dinas Pariwisata Sumut Satpol PP Sumut dan Pemerintah Kota Medan menindaklanjuti perizinan operasional tempat hiburan TRAXX Club httpstcomSfuNbxW9E,polrestabes medan pemda tutup club malam edar narkoba medantim gabung polrestabes medan denpom dinas ptsp sumut dinas pariwisata sumut satpol pp sumut perintah kota medan menindaklanjuti izin operasional hibur traxx club
Menanggapi hal ini Plt Kepala Karantina Pertanian Medan Suwandi mendukung penuh atas upaya pemerintah dalam menjaga ketahanan pangan,tanggap plt kepala karantina tani medan suwandi dukung penuh upaya perintah jaga tahan pangan
Polrestabes Medan dan Pemda Menutup Club Malam Yang Mengedarkan Narkoba  MEDAN  Tim gabungan dari Polrestabes Medan bersama Denpom AD Dinas PTSP Sumut Dinas Pariwisata Sumut Satpol PP Sumut dan Pemerintah Kota Medan menindaklanjuti perizinan operasional tempat hiburan TRAXX httpstcogSEhVQvMo5,polrestabes medan pemda tutup club malam edar narkoba medan tim gabung polrestabes medan denpom dinas ptsp sumut dinas pariwisata sumut satpol pp sumut perintah kota medan menindaklanjuti izin operasional hibur traxx
KPP Pratama Medan Petisah dengan Badan Keuangan dan Aset Daerah Kota Medan melaksanakan Penandatanganan Berita Acara Rekonsiliasi atas Penyetoran Pajak Pusat Pemerintah Kota Medan Semester I Tahun Anggaran 2023  kemenkeuri ditjenpajakri  pajakmedanpetisah httpstcogTZaoXkPWU,kpp pratama medan petisah badan uang aset daerah kota medan laksana penandatanganan berita acara rekonsiliasi setor pajak pusat perintah kota medan semester i anggar kemenkeuri ditjenpajakri pajakmedanpetisah
Pemerintah Kota Medan Mengalokasikan Anggaran Di Berbagai Organisasi Perangkat Daerah httpstcoNSB8suaPQV,perintah kota medan alokasi anggar organisasi perangkat daerah
KPP Pratama Medan Petisah dengan Badan Keuangan dan Aset Daerah Kota Medan melaksanakan Penandatanganan Berita Acara Rekonsiliasi atas Penyetoran Pajak Pusat Pemerintah Kota Medan Semester I Tahun Anggaran 2023 ditjenpajakri pajaksumut1 PajakKuatIndonesiaMaju PetisahBerkelas httpstcouwgyNpZUXn,kpp pratama medan petisah badan uang aset daerah kota medan laksana penandatanganan berita acara rekonsiliasi setor pajak pusat perintah kota medan semester i anggar ditjenpajakri pajaksumut pajakkuatindonesiamaju petisahberkelas
ini lah situasi siang tadi banjir di komplek BTN TNI Al di martubung tolong lah ke pemerintah yang terkait di  cari solusinyamacam mana mengatasi banjir di komplek kami ini   bapak wali kota Medan httpstcomGvrrEQfjY,situasi siang banjir komplek btn tni al martubung tolong perintah kait cari solusinyamacam atas banjir komplek wali kota medan
dan Pemerintah Provinsi Sumatera Utara dan juga PT PPK Ujar Jansen 0908 Konsul Jenderal India di Medan Shubham Singh berharap dengan adanya pertemuan ini diharapkan ada yang bisa direalisasikan dalam bidang yang ditawarkan itu,perintah provinsi sumatera utara pt ppk jansen konsul jenderal india medan shubham singh harap temu harap realisasi bidang tawar
Pejabat Pemerintah Provinsi Sumatera Utara dan Pemerintah Kota Medan serta perwakilan Kamar Dagang dan Industri Sumatera Utara termasuk PT Prima Pengembangan Kawasan,jabat perintah provinsi sumatera utara perintah kota medan wakil kamar dagang industri sumatera utara pt prima kembang kawasan
Difasilitasi oleh Pemerintah Provinsi Sumatera Utara dan Konsulat Jenderal India Medan di Medan delegasi bisnis tersebut bertemu dengan Bank Indonesia perwakilan Sumatera dalam hal ini dihadiri Deputi Direktur Departemen Akuntansi dan Sistem Pembayaran,fasilitas perintah provinsi sumatera utara konsulat jenderal india medan medan delegasi bisnis temu bank indonesia wakil sumatera hadir deputi direktur departemen akuntansi sistem bayar
TanMar3M Tapi PKS masih setia dukung Pak Anies Hari ini aja masih bikin acara di Medan bersama Pak Anies PKS masih santuy gak ngambek Oya PPP kan masih partai pemerintah apa gak malu satu koalisi dengan partai pemerintah nanti ada yang bilang muka tembok loh,tanmarm pks setia dukung anies bikin acara medan anies pks santuy ngambek oya ppp partai perintah malu koalisi partai perintah bilang muka tembok
Irwan2yah1 jokowi bobbynasution DivHumasPolri HumasPoldaSumut polrestabesmdn ListyoSigitP mohmahfudmd Medan ga beres2 Petugas dan aparat pemerintah disana itu kerja apa cuman nikmati hasil gaji dll,irwanyah jokowi bobbynasution divhumaspolri humaspoldasumut polrestabesmdn listyosigitp mohmahfudmd medan beres tugas aparat perintah sana kerja nikmat hasil gaji lain
KompasTV Aduch belum yakin juga pasangan inimengingat pengalaman mulai dari Deklarasi TEN di Medan kmd ditinggal bersama Koalisi Pemerintah Bersama AHY sekarang bersama PKBhaa,kompastv aduch pasang inimengingat alam deklarasi ten medan kmd tinggal koalisi perintah ahy pkbhaa
Fdenizardika1 RandomWorldWar Kalo menurut gw sih terbentur HAM karena medan kan bisa di pelajari Apalagi kalo ada negara luar pendukung teroris opm yang punya influence gede teriak teriak HAM ya pastinya pemerintah indo bakal di keroyok banyak negara sipaling HAM tuh ,fdenizardika randomworldwar sih bentur ham medan ajar negara dukung teroris opm influence teriak teriak ham ya pasti perintah indonesia keroyok negara sipaling ham tuh
Penadatanganan tersebut dilakukan oleh Kepala KPP Pratama Medan Polonia Iwan Setyawan Kepala BPKAD  Provinsi Sumatera Utara M Ismael P Sinaga sebagai perwakilan Pemerintah Provinsi Sumatera Utara dan Plt Kepala KPPN Medan I Abdul Yusuf,penadatanganan kepala kpp pratama medan polonia iwan setyawan kepala bpkad provinsi sumatera utara m ismael p sinaga wakil perintah provinsi sumatera utara plt kepala kppn medan i abdul yusuf
Eka melanjutkan Buahbuahan segar dari luar negeri yang akan masuk ke Indonesia harus melalui tempat pemasukan yang telah ditetapkan Pemerintah RI yakni antara lain Pelabuhan Laut Tanjung Perak Surabaya Pelabuhan Laut Belawan Medan Bandara Soekarno Hatta Jakarta httpstcod21BGXjUvL,eka lanjut buahbuahan segar negeri masuk indonesia pasu tetap perintah ri labuh laut tanjung perak surabaya labuh laut belawan medan bandara soekarno hatta jakarta
Pemko Medan Masih Tunggu Jumlah Formasi Penerimaan CPNS dan PPPK Tahun Ini dari Pemerintah Pusat   httpstcoKGUFOMUqhN via tribunnews,pemko medan tunggu formasi terima cpns pppk perintah pusat via tribunnews
Woi pemerintah indonesia adel dong kelen buat klr di kota lain  Ringan kan kenapa masyarakat yg daru medan ke pekan baru kasihan aja ada penumpang manula masa eaaa nahan berak dan kencing semalaman  Tau lah kelen fasilita bus yg ada kamar mandi nya pun gk layak njirrr,woi perintah indonesia adel kelen klr kota ringan masyarakat daru medan pekan kasihan tumpang manula eaaa nahan berak kencing malam tau kelen fasilita bus kamar mandi nya layak njirrr
PENGUMUMAN HASIL SELEKSI PENERIMAAN MAHASISWA BARU UNIKA St THOMAS MEDAN MELALUI JALUR BEASISWA KHUSUS PEMERINTAH KABUPATEN NIAS BARAT TAHUN AKADEMIK 20232024 httpstcoxKIYzeoEUk,umum hasil seleksi terima mahasiswa unika st thomas medan jalur beasiswa khusus perintah kabupaten nias barat akademik
untuk akuntabilitas finansial pemerintah maupun bagi efektivitas partisipasi masyarakat dalam proses anggaran serta untuk menghindari jebakan penyalahgunaan kekuasaan Maka terlampir daftar isian pelaksanaan anggaran DIPA Balai Pelatihan dan Penyuluhan Perikanan Medan httpstcoHzff2CsIzg,akuntabilitas finansial perintah efektivitas partisipasi masyarakat proses anggar hindar jebak penyalahgunaan kuasa lampir daftar isi laksana anggar dipa balai latih suluh ikan medan
aripinvr AREAJULID Lu dah brapa lama sih main twt Masak iya lu gak ngerti arti sarkas Kami disini uda bosen banget krna emng gak ada amannya medan ini Makanya diviralkan biar pemerintah pusat juga mau ngasi solusi Ini malah kota lain bukan ngasi solusi malah menghambat solusi kyk bem ui,aripinvr areajulid brapa sih main twt masak iya ngerti arti sarkas bosen banget emang aman medan diviralkan biar perintah pusat solusi kota solusi hambat solusi bem ui
Keren Presiden Jokowi resmikan  Sistem Penyediaan Air Minum SPAM Regional Mebidang MedanBinjaiDeli Serdang yg berlokasi di Binjai Sumatera Utara Presiden apresiasi sinergi yg baik antara pemerintah pusat dan pemda  Mantap Gus Paspampres  Kebangun Kodai Vietnam Minggu httpstcolTsDtByh9P,keren presiden jokowi resmi sistem sedia air minum spam regional mebidang medanbinjaideli serdang lokasi binjai sumatera utara presiden apresiasi sinergi perintah pusat pemda mantap gus paspampres bangun koda vietnam minggu
Gw ga ngerti sama org yg merasa pengen hidup di negara utopia presiden kudu ngerti semuanya Ga tau satu dua hal langsung dianggap ga adil  Itu ibu2 di ancam krn ngerekam kasus pungli di medan Terus itu jd alasan dia berhak nyiram air dan ngelempar sendal ke pemerintah pusat gt,ngerti orang hidup negara utopia presiden kudu ngerti tau langsung anggap adil ancam ngerekam pungli medan alas hak nyiram air ngelempar sendal perintah pusat
txtdrimedia Loh selama ini pemerintah daerah Medan kemana aja ya Mana itu daerah sekarang dapat predikat GTA Indonesia,txtdrimedia perintah daerah medan mana ya daerah predikat gta indonesia
AREAJULID kok bisa tingkat kriminalnya tinggi apa karena kurang sejahtera tapi kayaknya orang medan berkecukupan terus ini udah ada tindakan tegas dari pemerintah daerahnya gak si kek serem banget klo hidup dikelilingi kejahatan begini ,areajulid tingkat kriminal sejahtera kayak orang medan cukup tindak perintah daerah rem banget hidup keliling jahat
AREAJULID LOH LOH MOBIL ANTIBEGAL MANA KATANYA UDAH DILUNCURKAN JUGA TAPI KENAPA MASIH ADA BEGAL SATU LAGI NIH UNTUK PEMERINTAH SUMUT JANGAN CUMA MEDAN YANG DIFOKUSKAN TAPI DI TEMBUNG BT KUIS DAN DALEMNYA JG DIFOKUSKAN,areajulid mobil antibegal luncur begal nih perintah sumut medan fokus tembung bt kuis dalem fokus
SPAM MedanBinjaiDeliserdang Mebidang berkapasitas 1100 literdetik secara resmi beroperasi Peresmian ini dilakukan langsung Presiden Joko WidodoSelanjutnya Pemprov Sumut serta pemerintah Mebidang akan menyalurkannya ke masyarakat  httpstco6UKwdtnfKP httpstcoEXwbYqjFbr,spam medanbinjaideliserdang mebidang kapasitas literdetik resmi operasi resmi langsung presiden joko widodoselanjutnya perintah provinsi sumut perintah mebidang salur masyarakat
AREAJULID Medan keras bung apa2 sendiri jangan byk harap sama pemerintah apalagi polisih yg terkenal dr Medan selain makanan ya kriminalnya sama2 juara 1 itulah Medanku ,areajulid medan keras harap perintah polisih kenal medan makan ya kriminal juara medan
LtdAkbar Betul Di Medan pun banyak pengusaha yang tak suka dengan pemerintah China karena banyak biz mereka yang dirampok dan curang Tapi terkait integritas ASN kita juga sih,ltdakbar medan usaha suka perintah china biz rampok curang kait integritas asn sih
detikcom Sukamu suka suka mu kalo orang Medan udah kluar omongan gitu udah kesal  pemerintah lapet,detikcom suka suka suka mu orang medan omong kesal perintah lapet
tanyarlfes Yg komen pada nyalahin pemerintah melulusampai merembet kemana mana lgnoh wali kota medanbaru ngusulkan tembak ditempak ditempat buat para begalsudah langsung banyak yg teriak hamham,tanyarlfes komen nyalahin perintah melulusampai rembet mana lgnoh wali kota medanbaru ngusulkan tembak ditempak tempat begalsudah langsung teriak hamham
ini pemerintah gada gerak apa kek buat ngurangin polusibjirrr kalo begini trs mending semua konser adain di medan ajalah hehehehehe depa rumah ku juga leh,perintah gerak kurang polusibjirrr mending konser adain medan aja hehehehehe depa rumah ku leh
Seandainya persebaran penduduk Indonesia merata dan pemerintah pusat amp  daerah kerja bener semua tentu sudah ada jalur kereta AcehMedan,anda sebar duduk indonesia rata perintah pusat amp daerah kerja bener jalur kereta acehmedan
PEMERINTAH KABUPATEN NIAS UTARA LAKSANAKAN PELATIHAN KETERAMPILAN BAGI PENCARI KERJA DENGAN NARASUMBER DARI BPPP MEDAN  Pemerintahan Kabupaten Nias Utara melalui Dinas Ketenagakerjaan melaksanakan kegiatan pelatihan keterampilan  ridloridloudin saktitrenggono inradiarta httpstcoN1dXiwIrRi,perintah kabupaten nias utara laksana latih terampil cari kerja narasumber bppp medan perintah kabupaten nias utara dinas ketenagakerjaan laksana giat latih terampil ridloridloudin saktitrenggono inradiarta
BERITA  Dijamu Makan Malam Oleh Bobby Nasution Prabowo   Pemerintah Kota Medan Prabowo PrabowoUnggul httpstcoYbCP7rHepH,berita jamu makan malam bobby nasution prabowo perintah kota medan prabowo prabowounggul
MEDAN  Untuk menunjang kenyamanan di ruang publik terutama dikawasan Danau Toba yang  ditetapkan sebagai Destinasi Pariwisata Super Prioritas DPSP Oleh Pemerintah Pusat  DivHumasPolri  poldasumut httpstcoO1yHx6kbL0,medan tunjang nyaman ruang publik kawasan danau toba tetap destinasi pariwisata super prioritas dpsp perintah pusat divhumaspolri poldasumut
BERITA  Dinilai Cukup Baik dalam Memimpin Kota Medan Menhan   Pemerintah Kota Medan Prabowo PrabowoUnggul httpstcovUwu3Ruw2d,berita nilai pimpin kota medan menhan perintah kota medan prabowo prabowounggul
Medan 24 Agustus 2023 Pemerintah Kota Medan Menyelenggarakan acara Musyawarah Perencanaan Pembangunan Musrenbang rencana Kerja Pemerintah Tahun 2026 di Hotel JW Marriot Medan  Acara Musrenbang ini digelar dari tanggal 2425 Agustus 2023 kemenhub151  djplkemenhub151 httpstcovpSNPcCTnJ,medan agustus perintah kota medan selenggara acara musyawarah rencana bangun musrenbang rencana kerja perintah hotel jw marriot medan acara musrenbang gelar tanggal agustus kemenhub djplkemenhub
Pembukaan Pelatihan Kejuruan Sepeda Motor  Medan Rutan Kelas I Medan Kanwil Kemenkumham Sumut Membuka Pelatihan Unit Kompetensi Kejuruan Sepeda Motor bekerjasama dengan Dinas Ketenagakerjaan Pemerintah Kabupaten Deli Serdang Rabu 23082023 httpstco5rsABq2rEB,buka latih juru sepeda motor medan rutan kelas i medan kanwil menteri hukum hak asasi manusia sumut buka latih unit kompetensi juru sepeda motor bekerjasama dinas ketenagakerjaan perintah kabupaten deli serdang rabu
Ketiga konspirasi tersebut mulai menjalankan politik adu banteng Soerjadi pun menggalang dukungan dengan menggelar Kongres PDI di Medan 2023 Juni 1996 yang dijaga ekstra ketat oleh aparat keamanan Pemerintah Orba pun mendukung penyelenggaraan kongres PDI tandingan tsb,tiga konspirasi jalan politik adu banteng soerjadi galang dukung gelar kongres pdi medan juni jaga ekstra ketat aparat aman perintah orba dukung selenggara kongres pdi tanding
Pemerintah Kota Pemkot Administrasi Jakarta Pusat kembali melakukan bersihbersih sarana dan prasarana sarpras di Jalan Medan Merdeka Barat Kecamatan Gambir Selasa 228 malam httpstcoEW14a81Ede,perintah kota perintah kota administrasi jakarta pusat bersihbersih sarana prasarana sarpras jalan medan merdeka barat camat gambir selasa malam
DidiekMurdock  Bio nya berjuang demi Islam Apakah sudah ada medan perjuangan berdasarkan fatwa ulama kepada pemerintah yg syah,didiekmurdock bio nya juang islam medan juang dasar fatwa ulama perintah syah
PT Kawasan Industri Medan melalui Program TJSL Tanggung Jawab Sosial Lingkungan berkolaborasi dengan Dinas Sosial Pemerintah Provinsi Sumatera Utara dalam memberikan bingkisan bantuan pada Senin218  PTKIM TJSLPTKIM BUMNUntukIndonesia httpstcox0AQ14RlW4,pt kawasan industri medan program tjsl tanggung sosial lingkung kolaborasi dinas sosial perintah provinsi sumatera utara bingkis bantu senin ptkim tjslptkim bumnuntukindonesia
Pemerintah Daerah Wajib Berikan Pelayanan Publik Dalam Penyelenggaraan Perumahan dan Kawasan Permukiman httpstcoou90abVJRh,perintah daerah wajib layan publik selenggara rumah kawasan mukim
Perlu penyampaian informasi capaian Pemerintah disampaikan lebih rutin yang di ikuti data sedapat mungkin kuantitatif agar masyarakat mendapatkan informasi akurat terkait kondisi Medan,sampai informasi capai perintah rutin ikut data dapat kuantitatif masyarakat informasi akurat kait kondisi medan
Bobby Nasution Dampingi Presiden Jokowi Hadiri Pengukuhan DPP GAMKI Diharapkan GAMKI Dapat Bantu Pemerintah dalam membentuk Karakter Keimanan Generasi Muda  KolaborasiMedanBerkah MedanBerkah SalamKolaborasi httpstcoqhjv9czT9T,bobby nasution damping presiden jokowi hadir kukuh dpp gamki harap gamki bantu perintah bentuk karakter iman generasi muda kolaborasimedanberkah medanberkah salamkolaborasi
Dalam penanganan kasus tawuran antar pemuda di Kota Medan Pemerintah Kota Medan Bersama Kodim 0201 Medan melakukan program Pemuda Bela Negara PBN  Jokowinomics,tangan tawur pemuda kota medan perintah kota medan kodim medan program pemuda bela negara pbn jokowinomics
Kami ini tak pula ada ragu sikitpun tak segan apalagi waswas menembak mati siapa kau kapan dan dimana pun kau berada Dor Saya himbaulah ke setiap bangsa yang tinggal di Negara Medan ini agar tak buat tiap aksi penghasutan dan pembelakangan terhadap Pemerintah yang sah  KJRM,ragu sikit segan waswas tembak mati kau mana kau dor himbaulah bangsa tinggal negara medan aksi hasut belakang perintah sah kjrm
Apalagi kalau dari pemerintah yg ngomong IMTGT Industrial Revolution 40 entah apa prestasi kau di Medan ini selain bikin jalan berputar2 sama begal merajalela,perintah ngomong imtgt industrial revolution prestasi kau medan bikin jalan putar begal rajalela
Satpol PP Medan dlm suratnya melarang kegiatan ibadah dgn agama yg sah Jika TIDAK dipatuhi di dlm surat PolPP tsb dikatakan ada resiko yg akan ditanggung oleh jamaah yg beribadah yaitu bisa kemungkinan diserang ditangkap dipukul diseret keluar oleh pemerintah amp  masyarakat httpstcogPBZY2ZE8h,satpol pp medan surat larang giat ibadah agama sah patuh surat polpp resiko tanggung jamaah ibadah serang tangkap pukul seret perintah amp masyarakat
Kapolsek Medan Baru Dipercayakan Jadi Komandan Upacara Penurunan Bendera di HUT Kemerdekaan RI ke 78  MEDAN  Pemerintah Kota Medan melaksanakan upacara penurunan bendera Merah Putih pada peringatan HUT Kemerdekaan Republik Indonesia ke 78 di Lap Benteng Jl Pengadilan Medan httpstcoWHb1aZyx1I,kapolsek medan percaya komandan upacara turun bendera hut merdeka ri medan perintah kota medan laksana upacara turun bendera merah putih ingat hut merdeka republik indonesia lap benteng jalan adil medan
Kami ini tak pula ada ragu sikitpun tak ada segan lagi waswas menembak mati siapa kau kapan dan dimana pun kau itu berada Dor Saya himbaulah ke setiap bangsa yang tinggal di Medan ini supaya tak buat tiap aksi penghasut dan pembelakangan terhadap Pemerintah yang sah  KJRM,ragu sikit segan waswas tembak mati kau mana kau dor himbaulah bangsa tinggal medan aksi hasut belakang perintah sah kjrm
Upacara peringatan HUT Ke78 Kemerdekaan RI di Lembaga Pemasyarakatan Kelas I Medan ini dihadiri oleh pejabat pemerintah Upacara tersebut di pimpin langsung oleh Bapak Kepala Kantor Wilayah Sumatera Utara Drs Imam Suyudi BcIP SH MH,upacara ingat hut merdeka ri lembaga masyarakat kelas i medan hadir jabat perintah upacara pimpin langsung kepala kantor wilayah sumatera utara drs imam suyudi bcip sh mh
tempodotco Bukan hanya di jakarta di Medan Sumatera utara Banyak sdh yg terkena batuk kering semoga hal ini jadi perhatian pemerintah utk penanganan polusi udara,tempodotco jakarta medan sumatera utara kena batuk kering moga perhati perintah tangan polusi udara
BERITA  Pesta Rakyat Pemuda Bela Negara Berlangsung Meriah   Pemerintah Kota Medan PrabowoUntukSemua PrabowoSubianto Jokowinomics httpstcoSWTEeodNtL,berita pesta rakyat pemuda bela negara riah perintah kota medan prabowountuksemua prabowosubianto jokowinomics
BERITA  Pesta Rakyat Pemuda Bela Negara Berlangsung Meriah   Pemerintah Kota Medan PrabowoUntukSemua PrabowoSubianto Jokowinomics httpstco5lU9VPlYqG,berita pesta rakyat pemuda bela negara riah perintah kota medan prabowountuksemua prabowosubianto jokowinomics
Sebagai alat pengangkut barangbarang pemerintah mengangkut tentara dan laskar rakyat menuju medan pertempuran  Selain itu digunakan mengangkut beras untuk India sebagai bagian strategi diplomasi untuk mendapatkan pengakuan kedaulatan,alat angkut barangbarang perintah angkut tentara laskar rakyat medan tempur angkut beras india strategi diplomasi aku daulat
EdiazmiR detikcom Aksesnya cuy secara logistik perusahaan A dan B berhubunganmisal pabrik ban dan pabrik motor klo pabrik ban di medan pabrik motornya di bangka ya tentu saja costnya mahal makanya sama pemerintah di jadiin satu kawasan yg namanya kawasan Industri di jakarta dan sekitarnya,ediazmir detikcom akses cuy logistik usaha a bb berhubunganmisal pabrik ban pabrik motor pabrik ban medan pabrik motor bangka ya costnya mahal perintah jadiin kawasan nama kawasan industri jakarta
Bobby Nasution Minta Warga yang Berhak Terima Bantuan Pemerintah Didata httpstcovA1KdFWrNh,bobby nasution warga hak terima bantu perintah data
Selamat Kepada Pemerintah Kota Medan Atas Penghargaan Anugerah Keterbukaan Informasi Publik 2023 Kategori Kabupaten  Kota Informatif Dari Komisi Informasi Provinsi Sumatera Utara  KolaborasiMedanBerkah MedanBerkah SalamKolaborasi   httpstco033pboEkL6,selamat perintah kota medan harga anugerah buka informasi publik kategori kabupaten kota informatif komisi informasi provinsi sumatera utara kolaborasimedanberkah medanberkah salamkolaborasi
Gubernur Sumatera Utara Edy Rahmayadi gelar soft launching penggunaan tower pertama Rumah Sakit Umum RSU Haji Medan Ini merupakan salah satu wujud prioritas Pemerintah Provinsi Pemprov Sumut terhadap kesehatan rakyatTower pertama dengan 174 tempat tidur httpstcokge8hd1BoZ,gubernur sumatera utara edy rahmayadi gelar soft launching guna tower rumah sakit rsu haji medan salah wujud prioritas perintah provinsi perintah provinsi sumut sehat rakyattower tidur
PT Kawasan Industri Medan melalui Program TJSL Tanggung Jawab Sosial Lingkungan berkolaborasi dengan Dinas Sosial Pemerintah Provinsi Sumatera Utara dalam memberikan bingkisan bantuan pada Senin1408  PTKIM TJSLPTKIM BUMNUntukIndonesia httpstcod8u2tcqbWc,pt kawasan industri medan program tjsl tanggung sosial lingkung kolaborasi dinas sosial perintah provinsi sumatera utara bingkis bantu senin ptkim tjslptkim bumnuntukindonesia
Sekretaris Daerah Kabupaten Deli Serdang H Timur Tumanggor SSos MAP menerima Penghargaan WTP Laporan Keuangan Pemerintah Kabupaten Deli Serdang di Ballroom Adi Mulia Hotel Medan Senin 1482023  httpstcoIb87dBGdWB httpstcoM62KDKf5BE,sekretaris daerah kabupaten deli serdang h timur tumanggor ssos maaf terima harga wtp lapor uang perintah kabupaten deli serdang ballroom adi mulia hotel medan senin
LigaBRFI Tolong pertimbangkan saham 10 tol medandanau tiba nya min Atau kami lapor opung panjaitan  Jgn sampai kami minta pemerintah konoha intervensi Mumpung opung masih jdi mentri,ligabrfi tolong timbang saham tol medandanau nya min lapor opung panjaitan perintah konoha intervensi mumpung opung tri
Selain Jakarta kemacetan di kota lain juga menjadi perhatian pemerintah Seperti kemacetan di Semarang Surabaya Bandung Medan dan Makassar yang diketahui merugikan ekonomi negara Rp 12 triliun per tahun httpstcokoEjcOOJX5,jakarta macet kota perhati perintah macet semarang surabaya bandung medan makassar rugi ekonomi negara rupiah triliun
BERITA  Buka Puasa Bersama DPD Gerindra Sumut Bobby Nasution Terus Berkolaborasi Sukseskan Program Pemko Medan  Pemerintah Kota Medan Prabowo BangkitBersama httpstcoi4DN4SeR8r,berita buka puasa dpd gerindra sumut bobby nasution kolaborasi sukses program pemko medan perintah kota medan prabowo bangkitbersama
ibjela Sorry ib kalini aku tak setuju dengan kau   Dalam medan politik ni masih lagi ada orang yg ikhlas betul2 nak naikkan agama Islam sebagai pemerintah di Malaysia  Nak ubah macam2 benda yg kau tegur pasal feminist bagai perlu kepada pemerintahan Islam yg bebas segala fahaman lain,ibjela sorry ib kalini tuju kau medan politik ni orang ikhlas nak naik agama islam perintah malaysia nak ubah benda kau tegur pasal feminist perintah islam bebas fahaman
Pemerintah Kota Pemkot Jakarta Pusat menggelar aksi bersihbersih di seputar kawasan Jalan Medan Merdeka menjelang perayaan HUT ke78 Kemerdekaan RI pada 17 Agustus mendatang  BacadiBJ Beritajakarta dkijakarta JAKI WeLoveJakarta  httpstcoB761sZAItF,perintah kota perintah kota jakarta pusat gelar aksi bersihbersih putar kawasan jalan medan merdeka jelang raya hut merdeka ri agustus bacadibj beritajakarta dkijakarta jaki welovejakarta
New post Bikin Bangga Tiga Anak Nagari Taluak IV Suku Ikut Kejurwil Taekwondo di Medan Pemerintah Nagari Beri Apresiasi dan Motivasi has been published on hantaran  httpstco5moMy4hRNz httpstco3NYFaE4Nv3,new post bikin bangga anak nagari taluak iv suku kejurwil taekwondo medan perintah nagari apresiasi motivasi has been published on hantar
Dalam rangka menyambut Hari Ulang Tahun HUT Republik Indonesia ke78 Pemerintah Kota Pemkot Administrasi Jakarta Pusat kembali melakukan bersihbersih sarana dan prasarana sarpras umum di kawasan Jalan Medan Merdeka Jumat 118 malam httpstcotwR7cbExyS,rangka sambut ulang hut republik indonesia perintah kota perintah kota administrasi jakarta pusat bersihbersih sarana prasarana sarpras kawasan jalan medan merdeka jumat malam
PT Kawasan Industri Medan mengikuti acara North SumatraIndia Business Forum yang diselenggarakan oleh Dinas Penanaman Modal dan Pelayanan Terpadu Satu Pintu Pemerintah Provinsi Sumatera Utara pada Jumat 1108  PTKIM BUMNUNtukIndonesia httpstcoPSvFKhPTMI,pt kawasan industri medan ikut acara north sumatraindia business forum selenggara dinas tanam modal layan padu pintu perintah provinsi sumatera utara jumat ptkim bumnuntukindonesia
Bhabinkamtibmas Harapan mulya Bripka Yopi melaksanakan giat monitoring rumah warga yg mendapatkan bantuan renovasi dari pemerintah kota Bekasi Jumat 110823 diKp Buaran rt02rw01 Harapan mulya Medan satria Bekasi Kota httpstcoIlf1QJVY9O,bhabinkamtibmas harap mulya bripka yopi laksana giat monitoring rumah warga bantu renovasi perintah kota bekas jumat dikp buar rtrw harap mulya medan satria bekas kota
Sesi pertemuan pencocokan bisnis di Medan Delegasi India yang berkunjung Pengusaha Indonesia Pemerintah Sumatera Utara dan semua pihak yang terlibat berkolaborasi untuk menjelajahi kemitraan dan kerja sama di masa depan AzadikaAmritMahotsav G20India httpstcoSL0Fuby9St,sesi temu cocok bisnis medan delegasi india kunjung usaha indonesia perintah sumatera utara libat kolaborasi jajah mitra kerja azadikaamritmahotsav gindia
Private Event  Salma Salsabil akan memeriahkan acara Pertemuan Pemerintah Kota Medan keren ya mami kita yang satu ini  Hari ini ya di hotel Grand City Hall Medan  SalmaSalsabil httpstcoWLMycXgmJO,private acara salma salsabil riah acara temu perintah kota medan keren ya mami ya hotel grand city hall medan salmasalsabil
Pemerintah Kota Medan selalu berupaya menanggapi keluhan dari seluruh masyarakat termasuk persoalan upah yang diterima para buruh  Kesejahteraan dan kestabilan ekonomi dengan memastikan upah yang sesuai tentunya menjadi perhatian kami dan akan kami ditindaklanjuti httpstcod4AsZBxhFr,perintah kota medan upaya tanggap keluh masyarakat upah terima buruh sejahtera stabil ekonomi upah sesuai perhati ditindaklanjuti
Kantor Mbumaf aku tentukan di medan di sebabkan ketentuan hukum melibatkan status h link dan yg punya hak dlm tindakan adalah pemerintah setempat pak SBYudhoyono ruhutsitompul  httpstcopl3uHfpxqM,kantor mbumaf tentu medan sebab tentu hukum libat status h taut hak tindak perintah sbyudhoyono ruhutsitompul
Menjaga dan melestarikan sungai harus dilakukan secara bersama Bukan hanya pemerintah dan forkopimda saja tapi kontribusi nyata dari seluruh masyarakat Kota Medan juga dibutuhkan   Untuk itu ayo kita jaga sungai dengan tidak membuang sampah sembarangan karena sungai bukan httpstcoWokwfXWuNx,jaga lestari sungai perintah forkopimda kontribusi nyata masyarakat kota medan butuh ayo jaga sungai buang sampah sembarang sungai
PENGUMUMAN PENERIMAAN MAHASISWA BARU UNIVERSITAS KATOLIK SANTO THOMAS MEDAN MELALUI JALUR BEASISWA KHUSUS PEMERINTAH KABUPATEN NIAS BARAT TAHUN AKADEMIK 20232024 httpstco2htfJxwJX8,umum terima mahasiswa universitas katolik santo thomas medan jalur beasiswa khusus perintah kabupaten nias barat akademik
3 Siswa SMA Sutomo 1 Medan meraih emas dalam kompetisi bergengsi World Greenmech 2023  Pemerintah Provinsi Sumatera Utara pun bangga atas prestasi gemilang inihttpstcovp9f6xyixG  vivacoid medan robotic olimpiade httpstcoc2QdyWuqee,siswa sma sutomo medan raih emas kompetisi gengsi dunia greenmech perintah provinsi sumatera utara bangga prestasi gemilang vivacoid medan robotic olimpiade
detikcom Gak spt negeri Afrika Senior di MiliterPolisiPemerintah  di kudeta ramai2 bersama rakyatnya  pdhal jumlah Perwira di negeri Konoha gak seberapa dibanding mereka yg dilapangan Pangkat mereka pun blm lolos uji di medan perang sebenarnya Masih saja mau jadi TUMBAL sia2,detikcom negeri afrika senior militerpolisipemerintah kudeta ramai rakyat perwira negeri konoha banding lapang pangkat lolos uji medan perang tumbal sia
Beasiswa Universitas Katolik Santo Thomas Medan Dari Pemerintah Kabupaten Nias Barat Telah Dibuka httpstcoHhb3lh3Mvz,beasiswa universitas katolik santo thomas medan perintah kabupaten nias barat buka
TemanPemilih Anggota KPU Kota Bekasi Ali Syaifa AS menjadi narasumber dalam Pendidikan Politik yang diselenggarakan oleh Badan Kesatuan Bangsa dan Politik Pemerintah Kota Bekasi di SMA Patriot Medan Satria Bekasi Senin 782023 httpstcoGHhE2mPh2S,temanpemilih anggota kpu kota bekas ali syaifa as narasumber didik politik selenggara badan satu bangsa politik perintah kota bekas sma patriot medan satria bekas senin
Pada bulan Juli IOM Medan menyumbangkan peralatan kantor untuk mendukung pemerintah daerah dalam meningkatkan layanan perlindungan bagi para penyintas kekerasan seksual berbasis gender di kota termasuk para pengungsi,juli iom medan sumbang alat kantor dukung perintah daerah tingkat layan lindung sintas keras seksual bas gender kota ungsi
Proses oknum2 yg merusak institusi pemerintah  Situasi Memanas di Polrestabes Medan Debat Anggota TNI dengan Kasat Reskrim terkait Penahanan ARH   httpstcoRSMhSAWGhh lewat tribunnews,proses oknum rusak institusi perintah situasi panas polrestabes medan debat anggota tni kasat reskrim kait tahan arh tribunnews
AdiraFinanceID Oiya di hari kedua AdiraFestival2023 pagi harinya diawali dengan kegiatan FunBike nih  Sudah pasti acaranya ramai banget karena diikuti oleh warga medan dan juga disupport oleh pemerintah Kota Medan  RayakanB33samaSahabat,adirafinanceid oiya adirafestival pagi hari awal giat funbike nih acara ramai banget ikut warga medan disupport perintah kota medan rayakanbsamasahabat
Diklat Pemeriksaan Pendapatan Daerah bagi Para Pemerintah Daerah di Balai Diklat PKN Medan BPK RI 1215 September 2023  Kuota terbatas Contact person  Sesuai di flyer   diklatASN diklat seminar diklateksternal ASN bdpknmedan httpstcoO3Ko72czvI,diklat periksa dapat daerah perintah daerah balai diklat pkn medan ri september kuota batas kontak person sesuai flyer diklatasn diklat seminar diklateksternal asn bdpknmedan
Diklat Probity Audit untuk Para Pemerintah Daerah di Balai Diklat PKN Medan BPK RI 2123 Agustus 2023 Tarif PNBP Diklat sesuai PP 81 2021 Kuota terbatas  Contact person  Sesuai di Flyer  seminar diklat ASN diklateksternalBPKRI bdpknmedan httpstcoc0QYOKSx7Z,diklat probity audit perintah daerah balai diklat pkn medan ri agustus tarif pnbp diklat sesuai pp kuota batas kontak person sesuai flyer seminar diklat asn diklateksternalbpkri bdpknmedan
joanemills WagimanDeep212 Kejadian berulang krn alam Dan sdh ada pemerintah daerah untuk mengantisipasi Jika pemerintah daerah tdk sanggup baru pusat turun tangan Selain medan yg berat jg OPM membuat bantuan susah masuk Mungkin satu2nya cara mudah adlh memindahkan penduduk Tapi apa penduduk mau,joanemills wagimandeep jadi ulang alam perintah daerah antisipasi perintah daerah sanggup pusat turun tangan medan berat opm bantu susah masuk satu mudah adlh pindah duduk duduk
Capaian Kinerja di Rupbasan Kelas I Medan ini merupakan upaya konkret pemerintah dalam memastikan layanan penyimpanan benda sitaan negara berjalan optimal dan sesuai dengan aturan yang berlaku Diharapkan hasil dari evaluasi ini dapat memberikan dampak positif dalam meningkatkan,capai kerja rupbasan kelas i medan upaya konkret perintah layan simpan benda sita negara jalan optimal sesuai atur laku harap hasil evaluasi dampak positif tingkat
Damayanti Saragih yang merupakan perwakilan dari sub bagian Program dan Laporan Kantor Wilayah Kementerian Hukum dan HAM mengatakan bahwa monitoring ini merupakan bagian dari upaya pemerintah untuk memastikan kinerja Rupbasan Kelas I Medan dapat berjalan sesuai dengan standar,damayanti saragih wakil sub program lapor kantor wilayah menteri hukum ham monitoring upaya perintah kerja rupbasan kelas i medan jalan sesuai standar
joanemills WagimanDeep212 Cari info bagaimana pemerintah pusat turun tangan membantu walau dngn medan yg berat serta ancaman dari OPM Jangan krn benci buta abang joanemills ini jadi tukang provokasi httpstcomkCZ0Igxje,joanemills wagimandeep cari informasi perintah pusat turun tangan bantu medan berat ancam opm benci buta abang joanemills tukang provokasi
MigranTV7777 Hei bangsatkau menggonggong sdh seperti anjing dr medan dari hasil maling kau ke jakarta di jakarta kau dapat panggung cuma teriak sana sini menjelekkan pemerintahhidup kau cuma sebagai sampah co,migrantv hei bangsatkau gonggong anjing medan hasil maling kau jakarta jakarta kau panggung teriak jelek pemerintahhidup kau sampah cowok
ruhutsitompul Keren lah Abang ruhut ini dah bisa jd gubsu pengganti yg sekarang Ayo bang  Ku dukung pun selamat kan anak medan dari kelaparan karna pembiaran pemerintah daerah nya    PALAK X AKU TENGOK MUKAK NYA YG SOK ASEKKK,ruhutsitompul keren abang ruhut gubsu ganti ayo bang ku dukung selamat anak medan lapar biar perintah daerah nya palak tengok mukak nya sok asekkk
updating user aplikasi SAKTI disamping itu disampaikan agar BPPP Medan dalam mencapai target IKPA penggunaan Kartu Kredit Pemerintah KKP Cash Management System CMS dan Digipay Satu untuk selalu dikawal httpstcodWJy2vzOp0,updating user aplikasi sakti samping bppp medan capai target ikpa guna kartu kredit perintah kkp cash management system cms digipay kawal
10 Perumahan Serahkan PSU Ke Pemko Medan Warga Berharap Pemerintah Lebih Perhatian Terhadap Perbaikan PSU Yang Ada Di Perumahan  KolaborasiMedanBerkah MedanBerkah SalamKolaborasi httpstcoj9NWYjBXRe,rumah serah psu pemko medan warga harap perintah perhati baik psu rumah kolaborasimedanberkah medanberkah salamkolaborasi
Selasa 01 Agustus 2023 bertempat di ruang rapat Balai Pelatihan dan Penyuluhan Perikanan BPPP Medan dilaksanakan Pembekalan dan Penandatangan Fakta Integritas kepada 9 sembilan orang Pegawai Pemerintah dengan Perjanjian Kerja PPPK httpstcot01IoDVdP7,selasa agustus tempat ruang rapat balai latih suluh ikan bppp medan laksana bekal penandatangan fakta integritas sembilan orang pegawai perintah janji kerja pppk
Pemerintah Kota Medan menganggarkan Rp 6 miliar untuk membangun jembatan di Jalan Abdullah Lubis Kota Medan Anggaran ini menggunakan APBD 2023 httpstcoirjgWDdgG4,perintah kota medan anggar rupiah miliar bangun jembatan jalan abdullah lubis kota medan anggar apbd
Siaran TV Analog Medan Dimatikan Cek Harga Set Top Box Resmi Kominfo di Sumatera Utara  Bagi masyarakat yang tak mampu pemerintah bersama sejumlah Lembaga Penyiaran Swasta menggulirkan bantuan STB  httpstcoI06CIdy06z lewat tribunjualbeli,siar televisi analog medan mati cek harga set top box resmi komunikasi informatika sumatera utara masyarakat perintah lembaga siar swasta gulir bantu stb tribunjualbeli
Masyarakat Minta Pemerintah Awasi Penyaluran LPG Subsidi 3 Kilogram di Sumut Edy Sudah Lancar dan Terpenuhi httpstcovR8nwMNKQG parboaboa lpg  lpgsubsidi  daerah  lpg3kilogram  gas3kilogram  medan  beritasumut httpstcoxD5Ej5Ws8p,masyarakat perintah awas salur lpg subsidi kilogram sumut edy lancar penuh parboaboa lpg lpgsubsidi daerah lpgkilogram gaskilogram medan beritasumut
Economicinfo tol MedanKualanamu bukti hasil kerjasama pemerintah Indonesia dan Tiongkok httpstcofoJcGcB2bD,economicinfo tol medankualanamu bukti hasil kerjasama perintah indonesia tiongkok
Ffaqqii29 worksfess Bukan sender mau bantu jawab kalau mau ikut pelatihan BNSP bisa cari infonya di Ig BLK tempat tinggal or Ig BBPVP Semarang Bekasi Medan Bandung dll Di situ banyak pelatihan gratis dari pemerintah ada yg boarding dan ada yg non boarding,ffaqqii worksfess sender bantu latih bnsp cari informasi ig tinggal or ig bbpvp semarang bekas medan bandung lain situ latih gratis perintah boarding non boarding
NohCeukenohhh qaireen084 MuhiqR Malika6027 DadangRusdi Kayakuwek2 sumpanto RusdianSp26047 Khalisa30712811 Ini berita dr Medan 4 hari lalu malah sampai hari ini kelangkaan dan harga tinggi masih ada di sebagian tempat  Alasan nya penyaluran gas melon sudah melebihi kuota sekitar 34 persen dari yang ditentukan pemerintah  Alasan klise ini httpstcodHJ47mXQnd,nohceukenohhh qaireen muhiqr malika dadangrusdi kayakuwek sumpanto rusdiansp khalisa berita medan langka harga alas nya salur gas melon lebih kuota persen tentu perintah alas klise
Dalam rangka koordinasi penanganan PKE tersebut termasuk kendalakendala yang dialami dalam pelaksanaan kontruksi Kepala BPIW dan jajaran melakukan Kunjungan Lapangan Kunlap ke Kantor Pemerintah Kota Pemkot Medan Sumatera Utara pada Rabu 26 Juli 2023 httpstcoaw7pAptXys,rangka koordinasi tangan pakai kendalakendala alami laksana kontruksi kepala bpiw jajar kunjung lapang kunlap kantor perintah kota perintah kota medan sumatera utara rabu juli
LPG 3 Kg Langka di Medan Dewan Desak Pemerintah Bentuk Satgas httpstco8r8iotSEEJ,lpg kg langka medan dewan desak perintah bentuk satgas
1 Wakil Presiden Maruf Amin melantik Pamong Praja Muda Lulusan Institut Pemerintah Dalam Negeri IPDN Angkatan XXX Tahun 2023 di Istana Wakil Presiden Jalan Medan Merdeka Selatan Nomor 6 Jakarta Kamis 27072023 httpstcoAqoJ7XNbht,wakil presiden maruf amin lantik pamong praja muda lulus institut perintah negeri ipdn angkat xxx istana wakil presiden jalan medan merdeka selatan nomor jakarta kamis
wigbububibi mairakugaki wahkerensih Yang kata pemerintah Medan pengen begal legal dibunuh banyak komen yg gak suka,wigbububibi mairakugaki wahkerensih perintah medan begal legal bunuh komen suka
Halo SobATRBPN Kabupaten Bantul   Repost atrbpn   Menteri  ATRBPN menyerahkan 1117 sertipikat aset Pemerintah Provinsi Sumatra Utara dan Pemerintah KabKota seSumatra Utara di Aula Raja Inal Siregar Kantor Gubernur Sumatra Utara Medan pada Kamis 20072023 httpstcoaddUQ1jlMf,halo sobatrbpn kabupaten bantul repost atrbpn menteri atrbpn serah sertipikat aset perintah provinsi sumatra utara perintah kabkota sesumatra utara aula raja inal siregar kantor gubernur sumatra utara medan kamis
Arus informasi mengalir ke desadesa Tak mau kecolongan lewat program Koran Masuk Desa pemerintah menjadikan desa sebagai medan pertempuran httpstcoNneBJUOQsL,arus informasi alir desadesa colong program koran masuk desa perintah jadi desa medan tempur
nahkan knp pemerintah korea nyuruh bayi ikut ke medan perang megang pistol tega bgt,nahkan perintah korea nyuruh bayi medan perang megang pistol tega banget
kegblgnunfaedh Semoga masalah ini cepat terselesaikan serta mendapatkan perhatian dari aparat hukum serta pemerintah kota medan,kegblgnunfaedh moga cepat selesai perhati aparat hukum perintah kota medan
Pemerintah Kota Medan DOWN  httpstcoqp1Frnmz33 Check It On  httpstcosZg7IbGksS  OperasiMedan KeadilanSosial VulzSec httpstco4hNcjbPlak,perintah kota medan down cek it on operasimedan keadilansosial vulzsec
tanyarlfes kasus begini diangkat giliran kasus anak balita di medan yang butuh ditindak bisu pemerintah haha,tanyarlfes angkat gilir anak balita medan butuh tindak bisu perintah
Pemerintah Kota Medan melalui Dinas Ketahanan Pangan bidang Peternakan menggelar vaksinasi rabies secara gratis selama dua hari di dua lokasi httpstcoLxiacwIFLJ httpstcomWE5EHa9Wn,perintah kota medan dinas tahan pangan bidang terna gelar vaksinasi rabies gratis lokasi
tanyarlfes MENDING URUS KASUS ANAK KECIL YG DI PERKAOS DI MEDAN DEH PEMERINTAH ,tanyarlfes mending urus anak kaos medan deh perintah
Menteri ATRBPN Hadi Tjahjanto menyerahkan 1117 sertipikat aset Pemerintah Provinsi Sumatra Utara dan Pemerintah KabupatenKota seSumut Penyerahan tersebut berlangsung di Aula Raja Inal Siregar Kantor Gubernur Sumatra Utara Medan pada Kamis 20072023 httpstcoEapudwksFr,menteri atrbpn had tjahjanto serah sertipikat aset perintah provinsi sumatra utara perintah kabupatenkota sesumut serah aula raja inal siregar kantor gubernur sumatra utara medan kamis
Kemudian pertanyaan nya kenapa sih harus jadi DPR Menurut aku secara pribadi ya banyak medan perjuangan Ambil contoh rocky gerung kenapa dia ga jadi pemerintah aja kalau ngerasa lebih pintar dari pemerintah yang sekarang ada Bahkan dia banyak mengkritik pedas pemerintah,nya sih dpr pribadi ya medan juang ambil contoh rocky gerung perintah pintar perintah kritik pedas perintah
Israel Chaos bak Medan Perang Warga Lawan Pemerintah httpstcoLh3f9lwuXb,israel chaos bak medan perang warga lawan perintah
 trigger warning   HELP RT  NOT ABOUT KPOP  ADA ORG YG LEBIH JAHAT DARI IBLIS DAN SETAN ADA  TOLONG UNTUK PEMERINTAH KOTA MEDAN JANGAN TERUS DIAM  AKU MAU BANTU UP BIAR KASUS INI DI USUT SAMPE TUNTAS DAN PELAKU DIHUKUM SEBERATBERATNYA bobbynasution pemkomedan httpstcoHIWaz86LGq,trigger warning help not about kpop orang jahat iblis setan tolong perintah kota medan diam bantu up biar usut tuntas laku hukum seberatberatnya bobbynasution pemkomedan
Sekretariat DPRD Kota Medan menerima kunjungan Studi Lapangan Peserta Pendidikan Kepemimpinan Administrator PKA Angkatan II Pemerintah Kota Lhokseumawe dan Angkatan III Pemerintah Kabupaten Aceh Besar Selasa 25072023 httpstcofyMfZCfpWo,sekretariat dprd kota medan terima kunjung studi lapang serta didik pimpin administrator pka angkat ii perintah kota lhokseumawe angkat perintah kabupaten aceh selasa
kisahamatir Ini tuh udah rame kemana2 loh heran nya pemerintah setempat nya kok kaga gercep ya Dan biasa nya udah ke spill cepet muka si pelaku nya Ini selama berhari2 ga ada progres apa2 loh Si pelaku nya punya dekingan kah apa berpower di medan,kisahamatir tuh ramai mana heran nya perintah nya gercep ya nya spill cepat muka laku nya hari progres laku nya deking kah berpower medan
Kalau ku tengok tengok memang pemerintah ini takut sama poster Tahun lalu Jokowi datg poster dan spanduk kamisan Medan pun dikoyaki orng ini Ntah apa ga jelas,ku tengok tengok perintah takut poster jokowi datg poster spanduk kamis medan koyak orang ntah
sample wilayah Medan yang saya nilai untuk proses PTSLnya semuanya berjalan lancar karena pemerintah daerah dan BPN juga turun ke lapangan untuk mengecek secara langsung kata Menteri ATRKepala BPN di lokasi  Lebih lanjut Menteri ATRKepala BPN mengharapkan Kota Medan,sample wilayah medan nilai proses ptslnya jalan lancar perintah daerah bpn turun lapang ecek langsung menteri atrkepala bpn lokasi menteri atrkepala bpn harap kota medan
Israel Chaos bak Medan Perang Warga Lawan Pemerintah httpstcoZMGW9MJGtU,israel chaos bak medan perang warga lawan perintah
Oleh sebab itu ini bagian dari sample wilayah Medan yang saya nilai untuk proses PTSLnya semuanya berjalan lancar karena pemerintah daerah dan BPN juga turun ke lapangan untuk mengecek secara langsung kata Menteri ATRKepala BPN di lokasi,sample wilayah medan nilai proses ptslnya jalan lancar perintah daerah bpn turun lapang ecek langsung menteri atrkepala bpn lokasi
Kantor Gubernur Sumatra Utara Medan pada Kamis 20072023  Menurut Menteri ATRKepala BPN meski saat ini bidang tanah milik pemerintah telah banyak yang disertipikatkan namun dalam pelaksanaannya masih terdapat sejumlah kendala  httpstcorpKggwG6dU,kantor gubernur sumatra utara medan kamis menteri atrkepala bpn bidang tanah milik perintah disertipikatkan laksana kendala
Menteri ATRBPN Hadi Tjahjanto menyerahkan 1117 sertipikat aset Pemerintah Provinsi Sumatra Utara dan Pemerintah KabupatenKota seSumatra Utara Penyerahan tersebut berlangsung di Aula Raja Inal Siregar Kantor Gubernur Sumatra Utara Medan pada Kamis 20072023 httpstcoPJaXtU49Ne,menteri atrbpn had tjahjanto serah sertipikat aset perintah provinsi sumatra utara perintah kabupatenkota sesumatra utara serah aula raja inal siregar kantor gubernur sumatra utara medan kamis
Menteri ATRBPN Hadi Tjahjanto menyerahkan 1117 sertipikat aset Pemerintah Provinsi Sumatra Utara dan Pemerintah KabupatenKota seSumatra Utara Penyerahan tersebut berlangsung di Aula Raja Inal Siregar Kantor Gubernur Sumatra Utara Medan pada Kamis 20072023 httpstcoO5WkgdrT0N,menteri atrbpn had tjahjanto serah sertipikat aset perintah provinsi sumatra utara perintah kabupatenkota sesumatra utara serah aula raja inal siregar kantor gubernur sumatra utara medan kamis
ArwahJemin PRN 2023 Untuk Rakyat Negeri Terbabit Memilih Pemerintah Negeri Yg Boleh Menrancakan Ekonomi Negeri Menaik Taraf Kehidupan Rakyat Membantu Apa Jua Permasalahan Di Peringkat Negeri  Bukannya  Medan Mencari Penceramah  Semata2 Tapi Bila Dpt Jadi Kerajaan  1 Benda Tak Nampak Hasil,arwahjemin prn rakyat negeri babit pilih perintah negeri menrancakan ekonomi negeri naik taraf hidup rakyat bantu masalah peringkat negeri medan cari ceramah raja benda nampak hasil
BERITA  Dzikir dan Doa Awal Tahun 2023 Bobby Nasution   Pemerintah Kota Medan PrabowoUntukSemua PrabowoNeruskePakdhe httpstco3GiWLsiU7W,berita dzikir doa bobby nasution perintah kota medan prabowountuksemua prabowoneruskepakdhe
BERITA  Dzikir dan Doa Awal Tahun 2023 Bobby Nasution   Pemerintah Kota Medan PrabowoUntukSemua PrabowoNeruskePakdhe httpstcoU747JCWt8T,berita dzikir doa bobby nasution perintah kota medan prabowountuksemua prabowoneruskepakdhe
Tingkat Kemiskinan di Sumut Turun Peran Pemerintah Sangat Penting  Portal Berita EKBIS Medan  Sumatera Utara httpstcorrxxOqAgQN,tingkat miskin sumut turun peran perintah portal berita ekbis medan sumatera utara
repost atrbpn  Menteri ATRBPN Hadi Tjahjanto menyerahkan 1117 sertipikat aset Pemerintah Provinsi Sumatra Utara dan Pemerintah KabKota seSumatra Utara Penyerahan tersebut berlangsung di Aula Raja Inal Siregar Kantor Gubernur Sumatra Utara Medan pada Kamis 20072023 httpstcowVCJ5GV5uT,repost atrbpn menteri atrbpn had tjahjanto serah sertipikat aset perintah provinsi sumatra utara perintah kabkota sesumatra utara serah aula raja inal siregar kantor gubernur sumatra utara medan kamis
pembagian kupon belanja Kegiatan tersebut ditujukan untuk Pegawai Pemerintah Non Pegawai Negeri PPNPN Kanwil DJP Sumut I   Hasil Bazar Amal sepenuhnya akan disumbangkan kepada rumah singgah di Medan melalui Bakti Sosial Kanwil DJP Sumut I  KemenkeuRI DitjenPajakRI httpstcorbYIUr8End,bagi kupon belanja giat pegawai perintah non pegawai negeri ppnpn kanwil djp sumut i hasil bazar amal sepenuh sumbang rumah singgah medan bakti sosial kanwil djp sumut i kemenkeuri ditjenpajakri
Menteri ATRBPN Hadi Tjahjanto menyerahkan 1117 sertipikat aset Pemerintah Provinsi Sumatra Utara dan Pemerintah KabupatenKota seSumatra Utara Penyerahan tersebut berlangsung di Aula Raja Inal Siregar Kantor Gubernur Sumatra Utara Medan pada Kamis 20072023 httpstcopl4SN8QrrT,menteri atrbpn had tjahjanto serah sertipikat aset perintah provinsi sumatra utara perintah kabupatenkota sesumatra utara serah aula raja inal siregar kantor gubernur sumatra utara medan kamis
Menteri ATRBPN Hadi Tjahjanto menyerahkan 1117 sertipikat aset Pemerintah Provinsi Sumatra Utara dan Pemerintah KabupatenKota seSumatra Utara Penyerahan tersebut berlangsung di Aula Raja Inal Siregar Kantor Gubernur Sumatra Utara Medan pada Kamis 20072023 httpstcogZIcbIWiv6,menteri atrbpn had tjahjanto serah sertipikat aset perintah provinsi sumatra utara perintah kabupatenkota sesumatra utara serah aula raja inal siregar kantor gubernur sumatra utara medan kamis
1Tuejo humasaceh DPRAceh Uang Hasil perkebunan Aceh terbang ke Jakarta Medan Singapore Uang tidak beredar dan berputar di Aceh  Pemerintah Aceh cuma andalkan hasil UMKM dan APBA untuk bangun ekonomi  ,tuejo humasaceh dpraceh uang hasil kebun aceh terbang jakarta medan singapore uang edar putar aceh perintah aceh andal hasil umkm apba bangun ekonomi
Kantor Gubernur Sumatra Utara Medan pada Kamis 20072023  Menurut Menteri ATRKepala BPN meski saat ini bidang tanah milik pemerintah telah banyak yang disertipikatkan namun dalam pelaksanaannya masih terdapat sejumlah kendala   Berita selengkapnya httpstcofgQlXw5b4o,kantor gubernur sumatra utara medan kamis menteri atrkepala bpn bidang tanah milik perintah disertipikatkan laksana kendala berita lengkap
Raja Inal Siregar Kantor Gubernur Sumatra Utara Medan pada Kamis 20072023  Menurut Menteri ATRKepala BPN meski saat ini bidang tanah milik pemerintah telah banyak yang disertipikatkan namun dalam pelaksanaannya masih terdapat sejumlah kendala Ia mengatakan pemerintah httpstco8O0oINvJmr,raja inal siregar kantor gubernur sumatra utara medan kamis menteri atrkepala bpn bidang tanah milik perintah disertipikatkan laksana kendala perintah
Menteri ATRKepala BPN Hadi Tjahjanto menyerahkan 1117 sertipikat aset Pemerintah Provinsi Sumatra Utara dan Pemerintah KabupatenKota seSumatra Utara Penyerahan tersebut berlangsung di Aula Raja Inal Siregar Kantor Gubernur Sumatra Utara Medan pada Kamis 20072023 httpstcohKp58VErEV,menteri atrkepala bpn had tjahjanto serah sertipikat aset perintah provinsi sumatra utara perintah kabupatenkota sesumatra utara serah aula raja inal siregar kantor gubernur sumatra utara medan kamis
Kanwil Kemenkumham Sumut terus berupaya berkolaborasi dengan Pemerintah Daerah salah satunya melalui Kegiatan Fasilitasi Harmonisasi Perancang Peraturan Daerah Bertempat di Kantor Sekretariat Dewan Perwakilan Rakyat Daerah DPRD Kota Medan Jumat 21072023 httpstcoqg6HheobTZ,kanwil menteri hukum hak asasi manusia sumut upaya kolaborasi perintah daerah salah satu giat fasilitas harmonisasi ancang atur daerah tempat kantor sekretariat dewan wakil rakyat daerah dprd kota medan jumat
 Kantor Gubernur Sumatra Utara Medan pada Kamis 20072023  Menurut Menteri ATRKepala BPN meski saat ini bidang tanah milik pemerintah telah banyak yang disertipikatkan namun dalam pelaksanaannya masih terdapat sejumlah kendala Ia mengatakan pemerintah pusat dan daerah httpstcoozX9fXeF7V,kantor gubernur sumatra utara medan kamis menteri atrkepala bpn bidang tanah milik perintah disertipikatkan laksana kendala perintah pusat daerah
Menteri ATRBPN Hadi Tjahjanto menyerahkan 1117 sertipikat aset Pemerintah Provinsi Sumatra Utara dan Pemerintah KabupatenKota seSumatra Utara Penyerahan tersebut berlangsung di Aula Raja Inal Siregar Kantor Gubernur Sumatra Utara Medan pada Kamis 20072023 httpstcovEa0Yu0WNW,menteri atrbpn had tjahjanto serah sertipikat aset perintah provinsi sumatra utara perintah kabupatenkota sesumatra utara serah aula raja inal siregar kantor gubernur sumatra utara medan kamis
Halo SobATRBPN Tim Humas bertugas pada kegiatan melanjutkan kunjungan kerjanya di Medan Sumatra Utara Menteri ATRKepala BPN Hadi Tjahjanto menyerahkan 1117 sertipikat aset Pemerintah Provinsi Sumatra Utara dan sertipikat aset Pemerintah KabupatenKota di Sumatra Utara httpstcooHxeyPVio0,halo sobatrbpn tim humas tugas giat lanjut kunjung kerja medan sumatra utara menteri atrkepala bpn had tjahjanto serah sertipikat aset perintah provinsi sumatra utara sertipikat aset perintah kabupatenkota sumatra utara
Menteri ATRBPN Hadi Tjahjanto menyerahkan 1117 sertipikat aset Pemerintah Provinsi Sumatra Utara dan Pemerintah KabupatenKota seSumatra Utara Penyerahan tersebut berlangsung di Aula Raja Inal Siregar Kantor Gubernur Sumatra Utara Medan pada Kamis 20072023 httpstcomNQuHsInfP,menteri atrbpn had tjahjanto serah sertipikat aset perintah provinsi sumatra utara perintah kabupatenkota sesumatra utara serah aula raja inal siregar kantor gubernur sumatra utara medan kamis
Reposted atrbpn Menteri ATRBPN Hadi Tjahjanto menyerahkan 1117 sertipikat aset Pemerintah Prov Sumatra Utara dan Pemerintah KabKota seSumatra Utara Penyerahan tersebut berlangsung di Aula Raja Inal Siregar Kantor Gubernur Sumatra Utara Medan pada Kamis 20072023 httpstcoUc8cmcwF8W,reposted atrbpn menteri atrbpn had tjahjanto serah sertipikat aset perintah prov sumatra utara perintah kabkota sesumatra utara serah aula raja inal siregar kantor gubernur sumatra utara medan kamis
Halo SobATRBPN Tim Humas bertugas pada kegiatan melanjutkan kunjungan kerjanya di Medan Sumatra Utara Menteri ATRKepala BPN Hadi Tjahjanto menyerahkan 1117 sertipikat aset Pemerintah Provinsi Sumatra Utara dan sertipikat aset Pemerintah KabupatenKota di Sumatra Utara httpstcojl1ENaTcbZ,halo sobatrbpn tim humas tugas giat lanjut kunjung kerja medan sumatra utara menteri atrkepala bpn had tjahjanto serah sertipikat aset perintah provinsi sumatra utara sertipikat aset perintah kabupatenkota sumatra utara
pijatmedan recehtapisayng  seengganya pemerintah setempat itu peka maksudnya Bukan minta air minum beneran,pijatmedan recehtapisayng seengganya perintah peka maksud air minum beneran
Halo SobATRBPN Tim Humas bertugas pada kegiatan melanjutkan kunjungan kerjanya di Medan Sumatra Utara Menteri ATRKepala BPN Hadi Tjahjanto menyerahkan 1117 sertipikat aset Pemerintah Provinsi Sumatra Utara dan sertipikat aset Pemerintah KabupatenKota di Sumatra Utara httpstcoUaWsgtuA4o,halo sobatrbpn tim humas tugas giat lanjut kunjung kerja medan sumatra utara menteri atrkepala bpn had tjahjanto serah sertipikat aset perintah provinsi sumatra utara sertipikat aset perintah kabupatenkota sumatra utara
pijatmedan recehtapisayng Bukan gitu jatitu pengibaratan saking ga ada nya support dri pemerintah,pijatmedan recehtapisayng jatitu ibarat saking nya support perintah
pijatmedan recehtapisayng Inti omongan dia  Jalan rusak pemerintah pusat yang kasih angaran pantai terkotor no2 udh dibantu masyarakat bersihkan 3000 orang support minum aja tidak ada,pijatmedan recehtapisayng inti omong jalan rusak perintah pusat kasih angaran pantai kotor nomor bantu masyarakat sih orang support minum
R1AN4471 budimandjatmiko Resiko mereka memperjuangkan keyakinan mereka Sama dengan resiko seseorang yg masuk jadi tentara Resiko seorang tentara adalah tewas di medan tempur resiko seorang aktivis yg melawan pemerintah otoriter adalah penjara atau hilang,ran budimandjatmiko resiko juang yakin resiko masuk tentara resiko tentara tewas medan tempur resiko aktivis lawan perintah otoriter penjara hilang
drydxr holopiscom pandji KontraS Lu yg lucu   Nanya peran masyarakat ama peran pemerintah dimana  Bobi nasution itu pemerintah  dan usulanya diterima masyarakat MEDAN    Arti Dari diksi yg lu ketik aja lu gk ngerti anjay ,drydxr holopiscom pandji kontras lucu peran masyarakat peran perintah mana bobi nasution perintah usulanya terima masyarakat medan arti diksi ketik ngerti anjay
Udah deh emang paling bagus ditembaktembakin aja yang begitu itu bener pemerintah Medan udah,deh emang bagus ditembaktembakin bener perintah medan
KPPU  Pemkab Labuhanbatu Gelar Sosialisasi Bersama   NUSANTRAAEXPRESS LABUHANBATU  Komisi Pengawas Persaingan Usaha KPPU Kantor Wilayah I Medan bersama Pemerintah Kabupaten Labuhanbatu menggelar sosialisasi pembinaan dan advokasi persaingan httpstcoIJzLfUGuXC httpstcoXvD8eSj71V,kppu pemkab labuhanbatu gelar sosialisasi nusantraaexpress labuhanbatu komisi awas saing usaha kppu kantor wilayah i medan perintah kabupaten labuhanbatu gelar sosialisasi bina advokasi saing
PT KIM melakukan Rapat Kerjasama pengawasan dan pembinaan tenant di Kawasan Industri Medan bersama Dinas Lingkungan Hidup Pemerintah Kota Medan dan Perangkat Desa Kelurahan Mabar Kecamatan Medan Deli pada Selasa 1807   Rapat ini dihadiri oleh Perwakilan dari BPLI  PTKIM httpstcoIAt7ErZjmX,pt kim rapat kerjasama awas bina tenant kawasan industri medan dinas lingkung hidup perintah kota medan perangkat desa lurah mabar camat medan deli selasa rapat hadir wakil bpli ptkim
Mirisnya selain perolehan itu jadi satusatunya angka terbesar di era Jokowi yg berjanji menumbuhkan ekonomi hingga 7 kabar itu sepertinya jadi upaya pemerintah menutupi fakta sesungguhnya di medan tempur Lihat saja kondisi industri manufaktur padat karya kita httpstcosvBisgpo5V,miris oleh satusatunya angka besar era jokowi janji tumbuh ekonomi kabar upaya perintah tutup fakta sungguh medan tempur lihat kondisi industri manufaktur padat karya
Pemerintah Kota Pemkot Medan mulai membongkar proyek gagal lampu pocong senilai Rp 25 miliar di ruas Jalan Putri Hijau Kecamatan Medan Barat Kota Medan lt  Regional ProyekLampuPocong  httpstcoWL014c9tqV,perintah kota perintah kota medan bongkar proyek gagal lampu pocong nila rupiah miliar ruas jalan putri hijau camat medan barat kota medan lantai regional proyeklampupocong
Demo masyarakat intoleran Medan ke plaza yg izinkan umat Kristiani beribadah  Pemerintah mendukung aksi ini dan membenarkan Mau ke mana lagi umat Kristen bisa beribadah di mana2 tdk diizinkan Membangun rumah ibadah perlu persetujuan warga Kok bisa ibadah perlu izin umat lain httpstcoXab8NESbGU,demo masyarakat intoleran medan plaza izin umat kristiani ibadah perintah dukung aksi benar umat kristen ibadah izin bangun rumah ibadah tuju warga ibadah izin umat
LAPAS I MEDAN IKUTI SOSIALISASI PENILAIAN MANDIRI ATAS AKUNTABILITAS KINERJA INSTANSI PEMERINTAH AKIP httpstcoE0tzhP1a5w,lapas i medan ikut sosialisasi nilai mandiri akuntabilitas kerja instansi perintah akip
Meski begitu warga Medan justru mendukung Bobby dengan mengirim papan bunga di kantornya Papan bunga dari warga itu diletakkan di samping tembok pemerintah Kota Medan Terlihat dukungan itu dikirim oleh Ketua Garda Mencegah dan Mengobati GMDM Kota Medan Ahmad Rizal ist httpstconRNFZuOmEC,warga medan dukung bobby kirim papan bunga kantor papan bunga warga letak samping tembok perintah kota medan dukung kirim ketua garda cegah obat gmdm kota medan ahmad rizal ist
DiKota Medan pemerintah setempat makin giat melakukan penyuluhan Kepala Tim Penyakit Tidak Menular dan Kesehatan Jiwa Dinas Kesehatan Kota Medan Mohammad Irfan mengatakan ada 17328 kasus obesitas di tahun 2022,kota medan perintah giat suluh kepala tim sakit tular sehat jiwa dinas sehat kota medan mohammad irfan obesitas
BennyHarmanID Saya yakin kau akan dukung walkot medan kalo keluargamu didor sama begal Kau rela bela begal demi berseberangan dengan pemerintah Eek kau,bennyharmanid kau dukung walkot medan keluarga dor begal kau rela bela begal berangan perintah eek kau
Usai melakukan menghadiri rakernas ke16 asosiasi pemerintah kota seIndonesia Apeksi menteri pertahanan Prabowo Subianto melakukan pertemuan tertutup dengan menantu Presiden Joko Widodo sekaligus Wali Kota Medan Bobby Nasution httpstcons6OyEQkD6 httpstcoGn73zgXC65,hadir rakernas asosiasi perintah kota indonesia apeksi menteri tahan prabowo subianto temu tutup menantu presiden joko widodo wali kota medan bobby nasution
Sebagai wujud kolaborasi pemerintah daerah dengan aparatur penegak hukum Pemko Medan menggelar Turnamen Trantibum di Stadion Teladan Medan Minggu 167 malam  KolaborasiMedanBerkah MedanBerkah SalamKolaborasi httpstcoi3tlMDQppp,wujud kolaborasi perintah daerah aparatur tegak hukum pemko medan gelar turnamen trantibum stadion teladan medan minggu malam kolaborasimedanberkah medanberkah salamkolaborasi
MbakSri Gak ngertilah kita brnegara saat inipunya pemerintah punya aparat tpi sperti tdk ada ga d medan ga d sukabumi d tmpt lain kriminal kejahatan mkin mnjadi2RI dn rakyatnya sdg tidak baik2 sjmsh jg prcaya diriini krn akumulasi ketimpangn amp kebobrokn sosekonomi,mbaksri ngertilah brnegara inipunya perintah aparat sperti d medan d sukabumi d kriminal jahat mkin mnjadiri rakyat sjmsh percaya diriini akumulasi ketimpangn amp kebobrokn sosekonomi
Pemerintah Kota Medan Sumatra Utara memprioritaskan vaksinasi terhadap hewan peliharaan terutama anjing yang terindikasi terpapar rabies  Rabies Medan  httpstcozCZnGnpIVY,perintah kota medan sumatra utara prioritas vaksinasi hewan pelihara anjing indikasi papar rabies rabies medan
Kunker Komisi VIII DPR RI ke Sumut Saya Merasakan Karya Nyata Dari Pemerintah  Berita selengkapnya Kunker Komisi VIII DPR RI ke Sumut Saya Merasakan Karya Nyata Dari Pemerintah  MEDAN 14 Juli 2023 berita selengkapnya httpstco0C2ZGApJNK httpstcom9BnOyYgO5,kunker komisi viii dpr ri sumut rasa karya nyata perintah berita lengkap kunker komisi viii dpr ri sumut rasa karya nyata perintah medan juli berita lengkap
Pemerintah Kota Medan Sumatra Utara memprioritaskan vaksinasi terhadap hewan peliharaan terutama anjing yang terindikasi terpapar rabies  Rabies Medan   httpstcozCZnGnpIVY,perintah kota medan sumatra utara prioritas vaksinasi hewan pelihara anjing indikasi papar rabies rabies medan
Beauty previlage itu nyata  Hai aku mau cerita sedikit tentang aku waktu magang Aku salah satu mahasiswi kampus kesehatan swasta yang ada di kota Medan Kampus aku cukup terkenal dengan dosen dan mahasiswai nya yang aktif sehingga kampus aku dapet hibah dari pemerintah,beauty previlage nyata hai cerita magang salah mahasiswi kampus sehat swasta kota medan kampus kenal dosen mahasiswa nya aktif kampus dapet hibah perintah
danyharto duniabulat5 msaiddidu Hahaha dasar lo anjing pemerintah Kota Medan sudah maju sejak dahulu bahkan dari pemerintahan Belanda mereka sudah maju,danyharto duniabulat msaiddidu hahaha dasar anjing perintah kota medan maju perintah belanda maju
tvOneNews walaupun Medan blum bisa meniru Qatar soal keamanan namun paling tidak masyarakat peduli dengan keamanannya sendiri oleh karena itu Pemerintah Kota Medan harus tingkatkan keamanan kota dengan tingkatkan siskambling setiap masing RT secara integrasi dgn kepolisian,tvonenews medan tiru qatar aman masyarakat peduli aman perintah kota medan tingkat aman kota tingkat siskambling integrasi polisi
Mudah mudahan  lebih banyak  lagi  Taman terbuka hijau  di Sumut  terutama  di MedanBinjaiDeli serdang  Semoga pihak pemerintah  memikirkannyaSuhu udara  terasa sejuk klau  banyak  Taman Hijau,mudah mudah taman buka hijau sumut medanbinjaideli serdang moga perintah memikirkannyasuhu udara sejuk klau taman hijau
Ia pun mengatakan bahwa Pemerintah Kota Medan harus menindak tegas begal dengan tembak mati Sebab dampaknya tidak hanya dirasakan oleh korban saja melainkan seluruh masyarakat di kota Medan,perintah kota medan tindak begal tembak mati dampak rasa korban masyarakat kota medan
BEGAL SUMATERA ITU DARI DULU SUDAH TERKENAL BERINGAS BAHKAN BERSENPI TAK SEGAN UNTUK TEMBAK MANGSA NYA BUKAN DI MEDAN SAJA SEMOGA SEMUA DAERAH RAWAN BEGAL KOMITMEN TUMPAS HABISTEMBAK DI TEMPAT LEBIH BAIK HILANG NYAWA KORBAN ATAU NYAWA PELAKU JANGAN SALAHKAN PEMERINTAH,begal sumatera kenal beringas bersenpi segan tembak mangsa nya medan moga daerah rawan begal komitmen tumpas habistembak hilang nyawa korban nyawa laku salah perintah
kisbet kok betah tinggal di Medan begalnya orang medan juga kah Pemerintah dan APH ngapain aja selama ini heueheheee,kisbet betah tinggal medan begal orang medan kah perintah aph ngapain heueheheee
sejauh tidak mengusiksejalan dengan programprogram pemerintah  Orde Baru telah memberikan semacam tata kehidupan sebuah medandunia yang paradoksal bagi dalang Bahwa peluang terbuka sangat lebar ternyata membawa serta likaliku terselubung yang sama sekali baru dan asing,mengusiksejalan programprogram perintah orde tata hidup medandunia paradoksal dalang peluang buka lebar bawa likaliku selubung asing
DandhyLaksono Dan perihal kebijakan pemerintah untuk ngatur regulasi seperti ini saya rasa masyarakat medan sulit untuk ikuti pada bebal bebal org sini Karakternya memang keras dari dulu namanya kebijakan lihat reaksi dan tinggal tunggu hasil dan menyesuaikan klo misalnya ad yg kurang,dandhylaksono perihal bijak perintah atur regulasi masyarakat medan sulit ikut bebal bebal orang karakter keras nama bijak lihat reaksi tinggal tunggu hasil sesuai
Oleh karena itu pemerintah Kota Medan merasa sangat susah payah memulihkan ekonomi akibat tingginya angka kriminal jalanan yang meneror masyarakat,perintah kota medan susah payah pulih ekonomi akibat tinggi angka kriminal jalan teror masyarakat
pn7l7h bobbynasution Top keputusan Walkot Medan Pak bobbynasution mengikuti tindakan Pemerintah Negara Brazil dan berhasil menekan signifikan Begal di Negara itu CCjokowi  CCgibrantweet,pnlh bobbynasution top putus walkot medan bobbynasution ikut tindak perintah negara brazil hasil tekan signifikan begal negara ccjokowi ccgibrantweet
TPP Bandung Belajar Best Practice Tata Kelola Pemerintah amp  Pengelolaan BUMD dengan Pemko Medan httpstcoDdOBr7Vx4z,tpp bandung ajar best practice tata kelola perintah amp kelola bumd pemko medan
Pelajari Tata Kelola Pemerintah dan Pengelolaan PUD TPP Bandung Berkunjung ke Kota Medan  KolaborasiMedanBerkah MedanBerkah SalamKolaborasi httpstco2CS5zhzwBJ,ajar tata kelola perintah kelola pud tpp bandung kunjung kota medan kolaborasimedanberkah medanberkah salamkolaborasi
Saya sependapat dengan Pak Dandhy cuitan saya yg lalu memang subyektif mengenai pembegalan di Medan harus di tembak mati kalau saja polisi dan pemerintah lebih bekerja dengan slogan 10 tahun kerja kerja kerja Itu menggunakan otak mungkin bisa terwujudkan,dapat dandhy cuit subyektif begal medan tembak mati polisi perintah slogan kerja kerja kerja otak wujud
CNNIndonesia Gak pa pa abaikan aja ormas ormas pendukung begal sadis Maju terus bang biar Medan makin aman dan nyaman Kalau pemerintah dan aparat keamanan tegas menghadapi pelaku kriminal pasti akan berdampak positif terhadap keamanan dan kenyamanan warganya,cnnindonesia pa pa abai ormas ormas dukung begal sadis maju bang biar medan aman nyaman perintah aparat aman hadap laku kriminal dampak positif aman nyaman warga
Menurut Ali jika merampas paksa nyawa orang lain tentu hal itu melanggar hukum Sementara itu pemerintah dan aparat penegak hukum tidak boleh melanggar hukum Oleh sebab itu pihaknya menyayangkan dan mengecam pernyataan dari Wali Kota Medan Bobby Nasution ist httpstcoKikkfSgHcm,ali rampas paksa nyawa orang langgar hukum perintah aparat tegak hukum langgar hukum sayang kecam nyata wali kota medan bobby nasution ist
di tempatku aja udah banyak korban begalnya dari anak2 sampai ibu2 juga kena Tolonglah pemerintah pikirkan juga kami dan para korban Kalau ga di tembak mati emang mau ngeganti rugi barang yg diambil Ada storynya engga kan Medan Begal,tempat korban begal anak kena tolong perintah pikir korban tembak mati emang ngeganti rugi barang ambil storynya medan begal
detikcom Jika perlu ditambahkan pemerintah medan memberikan izin kepada masyarakat u menghukum ditempat serta membebaskan korban begal dari jeratan hukum dalam membela diri ketika dihadang para begal,detikcom perintah medan izin masyarakat hukum tempat bebas korban begal jerat hukum bela dihadang begal
CocoteTonggo Bila PKS menolak berarti kebijakan yg diambil pemerintah dalam hal ini pemerintahan Medan sudah tepat,cocotetonggo pks tolak bijak ambil perintah perintah medan
Di sini ada keresahan besar warga Medan yang disampaikan kpd pemerintah mereka di sana dan mereka sama menginginkan agar begal di sana diberantas,resah warga medan perintah begal berantas
SJW Ini adalah wujud eskalasi dari para begal Medan karena pemerintah memerintahkan untuk tembak mati begal,sjw wujud eskalasi begal medan perintah perintah tembak mati begal
tubirfess terserah orang medan dan pemerintah kotanya sih mereka yg dukung karena ga ngerti gmn takut dan resahnya,tubirfess serah orang medan perintah kota sih dukung ngerti takut resah
MigranTV7777 bobbynasution Banyak faktor manusia menjadi singa atau begal Maraknya peredaran narkoba judi lapangan kerja sulit beratnya mencari makan di Kota medan ini hrs menjadi pekerjaan rumah pemerintah kota Medan Bukan hrs di matikan Cari solusi Mereka juga manusia justru hrs di manusia kan,migrantv bobbynasution faktor manusia singa begal marak edar narkoba judi lapang kerja sulit berat cari makan kota medan kerja rumah perintah kota medan mati cari solusi manusia manusia
detikcom haha sebelumnya apakah KontraS mendesak pemerintah Medan memberantas begal untuk menjamin HAM para korban begal ,detikcom kontras desak perintah medan berantas begal jamin ham korban begal
Berantas Tipikor LPKA Medan Tunjukkan Dukungan sebagai Lembaga Pemerintah di Kemenkumham   httpstcoC59vjbxHF3 via tribunnews,berantas tipikor lpka medan tunjuk dukung lembaga perintah menteri hukum hak asasi manusia via tribunnews
botpemerintah ganjarpranowo LaporGub gibrantweet Nmax selalu nyaman di segala medan jd pmerintah daerahnya g tau rasanya jln rusak,botpemerintah ganjarpranowo laporgub gibrantweet nama nyaman medan pmerintah daerah tau jalan rusak
sebagai salah satu instansi pemerintah yang telah meraih predikat WBK dan WBBM di Kota Medan Dalam kunjungan tersebut Komisi I DPRD Kota Medan melakukan tanya jawab terkait pelayanan paspor dan izin tinggal keimigrasian serta pengawasan orang asing di Kota Medan,salah instansi perintah raih predikat wbk wbbm kota medan kunjung komisi i dprd kota medan kait layan paspor izin tinggal imigrasi awas orang asing kota medan
Elektabilitas Terus Merosot Tapi Nyalahin Pemerintah     Private Party BRIN LGBT No Makeup Pandawara Buro Happold KIM JISOO Pagii Lulusan Napoleon SEVEN BY JUNGKOOK Medan NINGNING FOR VERSACE Apel Pagi Senin SEVEN IS COMING HWANGMINHYUN KimSoHyun Barbie httpstco1AedujhS5d,elektabilitas merosot nyalahin perintah private pesta brin lgbt nomor makeup pandawara buro happold kim jisoo pagi lulus napoleon seven by jungkook medan ningning versace apel pagi senin seven is hwangminhyun kimsohyun barbie
Adakah siswa dari Medan yang mau kuliah di Tiongkok    Taukah kamu bahwa Medan punya kerjasama dengan pemerintah Chengdu jadi kalian yang dari Medan bisa menikmati beasiswa Sister City di universitasuniversitas di kota Chengdu Beasiswanya cover uang kuliah asrama amp  asuransi,ada siswa medan kuliah tiongkok tau medan kerjasama perintah chengdu medan nikmat beasiswa sister city universitasuniversitas kota chengdu beasiswa cover uang kuliah asrama amp asuransi
Pemerintah terbitkan insentif agar kendaraan listrik di indonesia lebih murah untuk masyarakat sehingga sangat mudah untuk beralih ke kendaraan listrik PakaiMolis  No Makeup Private Party Pandawara Cinderella Subuh Apel Pagi Medan Tidur Pagii chansoo Energetic Mowning Medan httpstcoU8oSCbzzoN,perintah terbit insentif kendara listrik indonesia murah masyarakat mudah alih kendara listrik pakaimolis nomor makeup private pesta pandawara cinderella subuh apel pagi medan tidur pagi chansoo energetic mowning medan
Anies Menang Pemerintah Bisa Mendirikan Pabrik Minyak Goreng yang saat ini dikuasai oleh raksasa2 minyak goreng  TIM KEJAGUNG ke Medan Geledah 3 Kantor Wilmar Musim Mas Permata Hijau Sita 14 Ribu Hektare Lahan   httpstcoCkeWGvQE1D lewat tribunnews,anies menang perintah diri pabrik minyak goreng asai raksasa minyak goreng tim jagung medan geledah kantor wilmar musim mas permata hijau sita ribu hektare lahan tribunnews
dehery13 RafsAkbar Pertanyaan kau tu ga mngkin ga kepikiran ma pemerintah dn polisi medan tpi kau tengok msih ad apa ga tu begal,dehery rafsakbar kau pikir perintah polisi medan kau tengok begal
Kesederhanaan ganjar dalam acara pembinaan aparatur pemerintah desa se kab rembang  GanjarCapres   Rendy Kjaernett HYBE Klasifikasi Cowoknya Anies Bangtan YoonA KingTheLandEp8 Bobby KIM SEOKJIN Kelas 7 Medan namjoon EXO WORTH THE WAIT Mnet Dapet Pagii httpstcozTmF0c09a7,sederhana ganjar acara bina aparatur perintah desa kab rembang ganjarcapres rendy kjaernett hybe klasifikasi cowok anies bangtan yoona kingthelandep bobby kim seokjin kelas medan namjoon exo worth the tunggu mnet dapet pagi
dehery13 mamakicha RafsAkbar Yee jgn tanya ke masyarakat dong lgsg hubungin aja hotline polisi kota medan atau gak humas pemerintah kota medan bakal di arahkan nanti klo nanya ke netizen ya lu tau sendiri gmna toh dengan pertanyanmu tadi akan merubah ap sih Kalau cuman kepo doang mah  minggir deh sono,dehery mamakicha rafsakbar yee masyarakat langsung hubungin hotline polisi kota medan humas perintah kota medan arah netizen ya tau pertanyanmu rubah ap sih kepo mah minggir deh sono
Berbagai medan perjuangan ditempuh oleh Pram Ia ingin memberi pelajaran kepada oknumoknum pemerintah yang tidak bekerja dengan baik membersihkan pohon tumbang di jalan yang bikin adiknya meninggal dan polisi yang tidak becus menjaga barang bukti  httpstco8yYUyxgh1H httpstcoDnOlOWaWnY,medan juang tempuh pram ajar oknumoknum perintah bersih pohon tumbang jalan bikin adik tinggal polisi becus jaga barang bukti
dan dengan kebijakan itu diterapkan dominasi penjahatnya berganti dari yang sebelumnya preman sama begal sekarang orangorang berseragam bersenjata dan didukung lagi sama pemerintah daerah dikiraknya makin aman medan sama aja menakutkan atau bahkan lebih,bijak terap dominasi jahat ganti preman begal orangorang seragam senjata dukung perintah daerah dikiraknya aman medan takut
Kesederhanaan ganjar dalam acara pembinaan aparatur pemerintah desa se kab rembang  GanjarCapres   Rendy Kjaernett HYBE Klasifikasi Cowoknya Anies Bangtan YoonA KingTheLandEp8 Bobby KIM SEOKJIN Kelas 7 Medan namjoon EXO WORTH THE WAIT Mnet Dapet Pagii httpstcof6zGBLtTxu,sederhana ganjar acara bina aparatur perintah desa kab rembang ganjarcapres rendy kjaernett hybe klasifikasi cowok anies bangtan yoona kingthelandep bobby kim seokjin kelas medan namjoon exo worth the tunggu mnet dapet pagi
Alvans407 ztneroll tubirfess Ga semua2nya dibebankan ke pemerintah wak Mungkin dilingkungan mu ga kau jumpai manusia2 kek gini Tpi kita di medan dah paham Krna di medan kerja apa aja bsa asal gak gengsi Yg begal ini emang bengal tahu bengal Diatasnya banyak ga tahu diri,alvans ztneroll tubirfess beban perintah wak lingkung mu kau jumpa manusia medan paham medan kerja gengsi begal emang bengal bengal atas
RafsAkbar orang di medan jadi begal bukan karna pemerintah gak bisa nangani ekonomi tapi emang karna orang2 pemalas yang mau duit gak pakek kerja anjing emang begal2 ini gak tenang aku adek ku tingg di medan tembak mati aja emang uda paling cocok,rafsakbar orang medan begal perintah nangani ekonomi emang orang malas duit pakai kerja anjing emang begal tenang ku tingg medan tembak mati emang cocok
Perlahan kita wujudkan program pemerintah yaitu net zero emission dgn langkah ikut beralih ke molis  PakaiMolis  Innalillahi pandawara private party jeje govinda barbie sore abah lala medan no make up sehun de gea kyungsoo cinderella chansoo chanyeol httpstcoIL05WCq0EM,perlahan wujud program perintah net zero emission langkah alih mol pakaimolis innalillahi pandawara private pesta jeje govinda barbie sore abah lala medan nomor pakai up hun de gea kyungsoo cinderella chansoo chanyeol
Dengan intensif dari pemerintah masyarakat Indonesia dapat membeli EV dengan harga yang lebih murah  PakaiMolis jeje govinda abah lala no make up teteh senin regret it cinderella pandawara apel pagi iland 2 medan exo septuple million seller sore chanyeol peter pan httpstcoF5FWqnaz73,intensif perintah masyarakat indonesia beli ev harga murah pakaimolis jeje govinda abah lala nomor pakai up teteh senin regret it cinderella pandawara apel pagi iland medan exo septuple million jual sore chanyeol peter pan
Untuk public service pemerintah dan jajaran Bandung masih terbaik  Pelayanan yang solutif kalo ditanya tuh Jarang stuck kalo gatau tp malah dibantu sampe kelar Ga kayak di Aceh sini Sorry to say  Medan solutif tp harus sabar sm omongannya yg ngajak berantem ,publik servis perintah jajar bandung baik layan solutif tuh jarang stuck tau bantu kelar aceh sorry say medan solutif sabar omong ngajak antem
dehery13 alfiansyac RafsAkbar bg kusarankan kau stop ini urusan pemerintah dan masyarakat Medan abang gak orang medan kan jadi berhenti disitu bg,dehery alfiansyac rafsakbar bg saran kau stop urus perintah masyarakat medan abang orang medan henti situ bg
Keren Produk Tradisional Khas Indonesia Bisa Jadi Merek Internasional  Berita mengembirakan datang dari Jenewa Swiss Pemerintah Indonesia membuka peluang bagi barang dan jasa khas atau tradisional Indonesia untuk didaftarkan sebagai merek internasional httpstcoMsdpbK0MWK,keren produk tradisional khas indonesia merek internasional berita gembira jenewa swiss perintah indonesia buka peluang barang jasa khas tradisional indonesia daftar merek internasional
Kota Medan memang pusatnya premanisme yg dilegalkan oleh pemerintah  Kelompok preman ini menguasai dunia perparkiran pungli beserta kekerasan httpstcoia2o4mBa8d,kota medan pusat preman legal perintah kelompok preman kuasa dunia parkir pungli serta keras
dehery13 mnopqrak RafsAkbar Penyebabnya ya human error aja kak jangankan di Medan di Paris aja banyak copet kira2 penyebabnya apa yah kalo dibilang negara miskin sih engga juga di Dubai banyak pengemis padahal semua warganya dicover pemerintah  dan pencegahannya kan itu ada di judulnya tembak mati,dehery mnopqrak rafsakbar sebab ya human error kak medan paris copet sebab yah bilang negara miskin sih dubai emis warga dicover perintah cegah judul tembak mati
Dukung pemerintah bebaskan pilot susi air PilotSusiAir KelompokSeparatisTerorisPapua KSTPapua TumpasKSTPapua KSTPPenjahat KSTPPemberontak Papua PapuaIndonesia NKRI  Rendy Kjaernett Klasifikasi Abah Lala Medan Dapet Senin Bangtan Jam 4 httpstcoeGdbylQA98,dukung perintah bebas pilot sus air pilotsusiair kelompokseparatisterorispapua kstpapua tumpaskstpapua kstppenjahat kstppemberontak papua papuaindonesia nkri rendy kjaernett klasifikasi abah lala medan dapet senin bangtan jam
Pemerintah Fokus selamatkan pilot susi air  PilotSusiAir KelompokSeparatisTerorisPapua KSTPapua TumpasKSTPapua KSTPPenjahat KSTPPemberontak Papua PapuaIndonesia NKRI  Rendy Kjaernett Klasifikasi Abah Lala Medan Dapet Senin Bangtan Jam 4 httpstcoIwg7GIZoiV,perintah fokus selamat pilot sus air pilotsusiair kelompokseparatisterorispapua kstpapua tumpaskstpapua kstppenjahat kstppemberontak papua papuaindonesia nkri rendy kjaernett klasifikasi abah lala medan dapet senin bangtan jam
Pemerintah berkomitmen untuk membebaskan pilot susi air  TumpasKSTPapua   Rendy Kjaernett HYBE Klasifikasi Cowoknya Anies Bangtan YoonA KingTheLandEp8 Bobby KIM SEOKJIN Kelas 7 Medan namjoon EXO WORTH THE WAIT Mnet Dapet Pagii httpstcoSIQgM4Aao0,perintah komitmen bebas pilot sus air tumpaskstpapua rendy kjaernett hybe klasifikasi cowok anies bangtan yoona kingthelandep bobby kim seokjin kelas medan namjoon exo worth the tunggu mnet dapet pagi
Berbagai upaya dilakukan pemerintah membebaskan sandera pilot susi air  TumpasKSTPapua   Rendy Kjaernett HYBE Klasifikasi Cowoknya Anies Bangtan YoonA KingTheLandEp8 Bobby KIM SEOKJIN Kelas 7 Medan namjoon EXO WORTH THE WAIT Mnet Dapet Pagii httpstcoYBRJCUoQ4h,upaya perintah bebas sandera pilot sus air tumpaskstpapua rendy kjaernett hybe klasifikasi cowok anies bangtan yoona kingthelandep bobby kim seokjin kelas medan namjoon exo worth the tunggu mnet dapet pagi
pemerintah terus lakukan upaya membebaskan sandera pilot susi air  TumpasKSTPapua   Rendy Kjaernett HYBE Klasifikasi Cowoknya Anies Bangtan YoonA KingTheLandEp8 Bobby KIM SEOKJIN Kelas 7 Medan namjoon EXO WORTH THE WAIT Mnet Dapet Pagii httpstcojx0ZsZj7SJ,perintah laku upaya bebas sandera pilot sus air tumpaskstpapua rendy kjaernett hybe klasifikasi cowok anies bangtan yoona kingthelandep bobby kim seokjin kelas medan namjoon exo worth the tunggu mnet dapet pagi
Pemerintah sudah berusaha keras untuk menyelesaikan penyanderaan pilot susi air  TumpasKSTPapua   Rendy Kjaernett HYBE Klasifikasi Cowoknya Anies Bangtan YoonA KingTheLandEp8 Bobby KIM SEOKJIN Kelas 7 Medan namjoon EXO WORTH THE WAIT Mnet Dapet Pagii httpstco4L1xi0mvLP,perintah usaha keras selesai sandera pilot sus air tumpaskstpapua rendy kjaernett hybe klasifikasi cowok anies bangtan yoona kingthelandep bobby kim seokjin kelas medan namjoon exo worth the tunggu mnet dapet pagi
Pemerintah melakukan berbagai upaya menyelamatkan pilot susi air  TumpasKSTPapua   Rendy Kjaernett HYBE Klasifikasi Cowoknya Anies Bangtan YoonA KingTheLandEp8 Bobby KIM SEOKJIN Kelas 7 Medan namjoon EXO WORTH THE WAIT Mnet Dapet Pagii httpstco691EiiadaI,perintah upaya selamat pilot sus air tumpaskstpapua rendy kjaernett hybe klasifikasi cowok anies bangtan yoona kingthelandep bobby kim seokjin kelas medan namjoon exo worth the tunggu mnet dapet pagi
Alvans407 ztneroll tubirfess Hoalah bang baiknya masukanmu tapi ga akan mempan disana Percayalah ko bang orang medan susah kali dibilangin harus ada kekerasan dulu baru mereka jera Ga nya 1 atau 2 kebijakan pemerintah medan itu untuk begal ini Dah banyak sosialisasi ke warga Bang,alvans ztneroll tubirfess hoalah bang baik masuk mempan sana percaya ko bang orang medan susah kali dibilangin keras jera nya bijak perintah medan begal sosialisasi warga bang
Bagaimana Anda menilai respon dan koordinasi antara pemerintah dan instansi terkait dalam menghadapi bencana Gunung Karangetang selengkapnya  httpstcou1VikI7QNC  Trending gt  klasifikasi kelas 7 medan simic senin claytio exo worth the wait sheila air force one bangtan httpstcoY8ylRya376,nilai respon koordinasi perintah instansi kait hadap bencana gunung karangetang lengkap trending klasifikasi kelas medan simic senin claytio exo worth the tunggu sheila air force one bangtan
dehery13 mamakicha RafsAkbar Bagusan kau debat sama pemerintah medanyg mengajukan tembak matikau telusuri dlu makna dri pemerintah Medan knpa bisa terjadi tembak mati begal,dehery mamakicha rafsakbar bagus kau debat perintah medanyg aju tembak matikau telusur makna perintah medan tembak mati begal
Catatanali7 Persoalan soal Polisi salah sasaran juga kerap terjadi  Akar masalah dari kasusu begal kan bisa diuraikan  Sejauh ini data soal di Medan kecanduan judi online dan narkoba jadi dua hal utama aksi ini terjadi  Judi online dan narkoba adalah tugas pemerintah kepolisian serta,catatanali polisi salah sasar kerap akar kasusu begal urai data medan candu judi online narkoba utama aksi judi online narkoba tugas perintah polisi
LAHHH mau jalanan milik pribadi atau milik pemerintah kalo tukang parkir tanpa karcis bukannya hitungannya pungli  RendyKjaernett Klasifikasi Clayton Medan Dapet Senin JKT48SummerTour23 LoveStory Rendy Kjaernett httpstcoGW7bg7SFvL,lahhh jalan milik pribadi milik perintah tukang parkir karcis hitung pungli rendykjaernett klasifikasi clayton medan dapet senin jktsummertour lovestory rendy kjaernett
Publik Kecewa dengan JIS Warisan Anies Ujungnya Pemerintah Pusat Harus Turun Tangan Rendy Kjaernett Buro Happold Medan Minggu Ciwalk httpstco3NooerubHP,publik kecewa jis waris anies ujung perintah pusat turun tangan rendy kjaernett buro happold medan minggu ciwalk
SeputarTetangga Giliran walikota minta tembak mati pelaku kejahatan pd nyalahin pemerintah krn rakyatnya kurang sejahterapadahal miskin klo ad moral ya gak bakalan jd kyk medan,seputartetangga gilir walikota tembak mati laku jahat pd nyalahin perintah rakyat sejahterapadahal miskin moral ya medan
dehery13 RafsAkbar haduuu gamungkin pemerintah ngeluarin tindak tegas kayak gini tanpa riset mas emg dr lama medan bermasalah kali mmg ga cmn medang yg gotham kali cmn bayangkan dulu ada begal jam 8 PAGI buset pagi mas  begal medan tuh bnr2 mmg harus kena tindak tegas kl engga ya bakal,dehery rafsakbar haduuu perintah keluar tindak riset mas emang medan masalah kali cmn medang gotham kali cmn bayang begal jam pagi buset pagi mas begal medan tuh kena tindak kl ya
RRCode gezzvou NeracaEnergi txtdrpemerintah Minimal sebagai pemerintah kalau mau nembak mati pelaku begal pastikan dulu telah menyelesaikan akar masalahnya  woi kalau dikaji kaji  mau sampai makin banyak korban bru diputuskan ada namanya shock therapy biar begal begal di medan takut kau kyknya bukan org Medan,rrcode gezzvou neracaenergi txtdrpemerintah minimal perintah tembak mati laku begal pasti selesai akar woi kaji kaji korban putus nama shock therapy biar begal begal medan takut kau orang medan
RRCode txtdrpemerintah Terus harus gimana pemerintah Warga medan siang bolong aja ada begal yg nyerang kok malam jam 7 di titik tertentu ada orang2 yg bawa golok panjang2 buat nge begal Itu pemerintah harus ngapain buat ngelindungi warga Musyawarah Sementara warga yg lain di bacokin,rrcode txtdrpemerintah perintah warga medan siang bolong begal nyerang malam jam titik orang bawa golok nge begal perintah ngapain ngelindungi warga musyawarah warga bacokin
txtdrpemerintah tolong pemerintah kota lain juga harus tegas  menangani kejadian begal inii mungkin medan bisa jadi contoh mengenai hukum ini,txtdrpemerintah tolong perintah kota tangan jadi begal ini medan contoh hukum
RRCode txtdrpemerintah Daripada komen fafifu ke Medan aja bos bantu polisi dan pemerintah berantas begal Biar hidup lu ada gunanya,rrcode txtdrpemerintah komen fafifu medan bos bantu polisi perintah berantas begal biar hidup guna
RRCode txtdrpemerintah Bacot doang lu ga ada aksi nyata sini ke Medan bantu polisi dan pemerintah buat berantas begal,rrcode txtdrpemerintah bacot aksi nyata medan bantu polisi perintah berantas begal
mokonapotato juicyluvee RafsAkbar jokowi DivHumasPolri Tinggal dijawab saja pertanyaan saya jelas  Cc juga aja walkot sama kapolres Medan kan konteksnya soal kebijakan di Medan  Hal wajar masyarakat bertanya kepasa pemerintah,mokonapotato juicyluvee rafsakbar jokowi divhumaspolri tinggal cc walkot kepala polisi resor medan konteks bijak medan wajar masyarakat kepasa perintah
Emang lebih baik tembak mati aka Begal di Medan  Di penjara juga percumahabiskan  anggaran pemerintah toh kalau mereka kluar penjara malah tetap jd pengangguran dan sampah,emang tembak mati aka begal medan penjara percumahabiskan anggar perintah penjara anggur sampah
dehery13 RafsAkbar ga salah argumen abg tapi abg ga tau klo begal di medan khususnya sumut itu terorganisir mafianya sampe ke ujung langkat sana   pemerintah pun ada juga andil jadi mafianya klo mau ditelusuri lebih lanjut lagu lama klo di sana,dehery rafsakbar salah argumen abg abg tau begal medan sumut organisir mafia ujung langkat perintah andil mafia telusur lagu
dehery13 RafsAkbar Brisik bgt c om jgn byk tanya Orang medan juga bukan kok repot bgt katanya daerah u ada kasus begal juga Y udh urusin aj sana tanya dah tuh pemerintah sma aparat di daerah u kerjanya udh bener ato belom,dehery rafsakbar brisik banget c om orang medan repot banget daerah begal y urusin tuh perintah sma aparat daerah kerja bener ato bom
Kehadiran listrik ini merupakan wujud nyata pemerintah bersama PT PLN Persero untuk menerangi seluruh masyarakat Indonesia hingga ke seluruh pelosok Tanah Air  PLNHadiruntukRakyat  Klasifikasi Milo malming Medan Besok Senin Kelas 7 httpstcoMomzrjXoLV,hadir listrik wujud nyata perintah pt pln persero rang masyarakat indonesia pelosok tanah air plnhadiruntukrakyat klasifikasi milo malam minggu medan besok senin kelas
Gak usah sok pande dan bijak Kau karna nggak ngerasain gmna tinggal di medan bbrapa bulan ini   Kalok udh pemerintah dan kepolisian kasih intruksi berarti mmg sedang gak baik2 saja   Udh pasti polisi dan pemerintah lebih tau cara ngambil keputusan daripada kau,sok pande bijak kau rasa tinggal medan kalok perintah polisi kasih intruksi polisi perintah tau ambil putus kau
dehery13 deanoneem aftersuckseed anakchicken23 DimsumDear49638 RafsAkbar Boleh2 saja pendapat bro tapi ngatain orang SDM tidak berkualitas sama saja menunjuk dirimu yg bukan org Medan ataupun pendatang Coba utarakan komentar2mu di hadapan para kepolisian amp  pemerintah sana atau bisa ikut mencegah pembegalan di wilayah Medan,dehery deanoneem aftersuckseed anakchicken dimsumdear rafsakbar dapat bro orang sdm kualitas diri orang medan datang coba utara komentar hadap polisi amp perintah cegah begal wilayah medan
DimsumDear49638 abdiusmn anakchicken23 RafsAkbar Kalian masyarakat Medan knapa bukan kalian yg terus suarakan  Apa yg saya smpaikan sudha dilakukan terhadap kepolisian di daerah saya Makanya saya bilang ini bisa dilakukan  Polisi dan pemerintah ounya resources yg banyaj,dimsumdear abdiusmn anakchicken rafsakbar masyarakat medan suara smpaikan sudha polisi daerah bilang polisi perintah ounya sumberdaya banyaj
mnopqrak RafsAkbar Manusia rusak iti ada penyebabnya aplagi sosial masyarakat ada obatnya  Makanya saya tanya ulang udah sejauh mana pencegahan penindakan bahkan sistem yg dibangun oleh pemerintah kota medan,mnopqrak rafsakbar manusia rusak iti sebab aplagi sosial masyarakat obat ulang cegah tindak sistem bangun perintah kota medan
fsyzzhr MnWncry RRCode txtdrpemerintah Kejadian di Medan yg mahasiswa jd korban begal tu juga pelakunya msih remajadewasa awal Anehnya si sender kok malah menyalahkan pemerintah padahal kita smua juga susah ga cuma si begal itu doang yg hidup susah anjrit,fsyzzhr mnwncry rrcode txtdrpemerintah jadi medan mahasiswa korban begal laku remajadewasa aneh sender salah perintah susah begal hidup susah anjrit
bobbynasution Msh marak begal di kota Medan   Thn 2017 sy lakukn lit tesis dr Unhan perberdayaan ormasorganisasi pemuda di kota Medan ol pemerintah stempat sbg komponen pendukung bg pertahanan tdk smata disertakn di acr2 yg bsifat protokoler agr kjahatan di Medan bkrg,bobbynasution marak begal kota medan lakukn lit tesis unhan daya ormasorganisasi pemuda kota medan ol perintah stempat komponen dukung bg tahan smata disertakn acr bsifat protokoler agr kjahatan medan bkrg
AyuArisandi detikcom Otak kau Ngga ada orang Medan yg bisa bikin SIM Murni kalau bukan keluarga  saudara polisi Silahkan tanya sama seluruh orang Medan diluar instansi pemerintah  alias masyarakat biasa Bencong gila,ayuarisandi detikcom otak kau orang medan bikin sim murni keluarga saudara polisi silah orang medan luar instansi perintah alias masyarakat bencong gila
Ka UPTD PSP Wilayah II Kabanjahe H Muchsin Harahap ST httpstcoU0n4jt3oBp menghadiri Sosialisasi Implementasi Katalog Elektronik Dalam Pengadaan Barang dan Jasa Pemerintah di Provinsi Sumatera Utara Dilaksanakan di Hotel Grand Mercure Maha Cipta Medan Angkasa 7723 httpstcotaEYEQu2eq,ka uptd psp wilayah ii kabanjahe h muchsin harahap st hadir sosialisasi implementasi katalog elektronik ada barang jasa perintah provinsi sumatera utara laksana hotel grand mercure maha cipta medan angkasa
Senin 2606 KPP Pratama Medan Petisah melakukan kunjungan ke BKAD Pemko Medan dalam rangka koordinasi dan evaluasi terkait kegiatan sosialisasi EBupot Instansi Pemerintah yang sudah dilaksanakan di httpstcoQa4AHpK4UI,senin kpp pratama medan petisah kunjung bkad pemko medan rangka koordinasi evaluasi kait giat sosialisasi ebupot instansi perintah laksana
HORAS Sobat Industri  Selama tiga hari 1923062023 Tim Sistem Pengendalian Intern Pemerintah SPIP BSPJI Medan melaksanakan Penilaian Maturitas Penyelenggaraan SIPI Terintegrasi   httpstcoQ980iefmBF,horas sobat industri tim sistem kendali intern perintah spip bspji medan laksana nilai maturitas selenggara sipi integrasi
Sebagai bentuk dukungan akan kemajuan UMKM Pemerintah melalui DitjenPajakRI mengenalkan Peredaran Bruto Tidak Kena Pajak     Simak infonya secara lengkap dlm TalkshowSonora  Selasa 4 Juli 2023   0900  1000 wib Live Streaming httpstcoVSIxaKvgNu httpstcowN0JHlXZCS,bentuk dukung maju umkm perintah ditjenpajakri kenal edar bruto kena pajak simak informasi lengkap talkshowsonora selasa juli wib live streaming
Ekonom UISU Medan Wantiwanti Kenaikan Inflasi Imbas El Nino Masyarakat Pemerintah Harus Cari Solusi httpstcoLsZ5kWDm3t parboaboa inflasi  ElNino   daerah  ekonomi  pertanian  pangan  musimkemarau  beritasumut,ekonom uisu medan wantiwanti naik inflasi imbas el nino masyarakat perintah cari solusi parboaboa inflasi elnino daerah ekonomi tani pangan musimkemarau beritasumut
Halo pak bobbynasution mohon penanganannya untuk begal di medan udah bnyak korban yg kena begal di medan Kasiani orang2 yg pulang malem abis bekerja pak Semoga tindakan dari pemerintah secepatnya ya Banyak aspek yg dirugiin dari maraknya begal ini Mohon bantuannya ,halo bobbynasution mohon tangan begal medan bnyak korban kena begal medan kasiani orang pulang malam habis moga tindak perintah cepat ya aspek dirugiin marak begal mohon bantu
aunrrahman Knp prancis bnyak org Afrika krn mrk korban keganasan Nazi di PD2 Prancis itu medan perang PD 2 setelah WW 2  Prancis menurun populasi krn bnyk korban Maka pemerintah Prancis bawa tu org afrika Sbg tentaranya Krn jajahan bnyk dri afrika Dri situ lah africans jdi warlok,aunrrahman perancis bnyak orang afrika korban ganas nazi pd perancis medan perang pd ww perancis turun populasi korban perintah perancis bawa orang afrika tentara jajah afrika situ africans warlok
QUADRUPLECHASER uyeeeb aunrrahman Coba bang baca lagi sejarah Perancis paska PD II Kenapa prancis bnyak org Afrika Yups karena mereka korban keganasan Nazi di PD2 Prancis itu medan perang PD 2 setelah perang org Prancis itu dikit bang banyak yang mati di PD 2 Maka pemerintah Prancis bawa tu org afrika,quadruplechaser uyeeeb aunrrahman coba bang baca sejarah perancis paska pd ii perancis bnyak orang afrika yups korban ganas nazi pd perancis medan perang pd perang orang perancis bang mati pd perintah perancis bawa orang afrika
Solat Jumaat menjadi program mingguan umat Islam berkumpul mengingatkan diri kita akan iman dan islam pada diri kita  Kemudian khutbah juga menjadi medan tazkirah muhasabah dan perkongsian ilmu yang boleh ditentukan oleh jabatan agama atau pemerintah di sesuatu tempat httpstcooszCS8vqfv,salat jumaat program minggu umat islam kumpul iman islam khutbah medan tazkirah muhasabah kongsi ilmu tentu jabat agama perintah
Gubernur Sumatera Utara Edy Rahmayadi melaksanakan Sholat berjamaah dalam rangka Idul Adha 1444 H yang dilaksanakan oleh Pemerintah Kota Medan di Lapangan MabarKecamatan Medan DeliKota Medan   infosumut edyrahmayadi iduladha2023 1444h sholatberjamaah httpstcoZoJgnfHnhH,gubernur sumatera utara edy rahmayadi laksana sholat jamaah rangka idul adha h laksana perintah kota medan lapang mabarkecamatan medan kota medan infosumut edyrahmayadi iduladha h sholatberjamaah
yusufdumdum Kata orang Medan Lembu punya susu India punya nama atau kata lain Ayam yg mengeram bebek punya anak Artinya uang punya Pemerintah pusat wan kibul punya ambruk,yusufdumdum orang medan lembu susu india nama ayam eram bebek anak uang perintah pusat wan kibul ambruk
Pemerintah Provinsi Pemprov DKI Jakarta menggelar ibadah salat Iduladha 1444 Hijriah di halaman Balai Kota DKI Jakarta Jalan Medan Merdeka Selatan Gambir Jakarta Pusat pada Kamis 296 pagi Selengkapnya httpstcoyUtq78cujG httpstcoRHsaS3syIL,perintah provinsi perintah provinsi dki jakarta gelar ibadah salat iduladha hijriah halaman balai kota dki jakarta jalan medan merdeka selatan gambir jakarta pusat kamis pagi lengkap
Pengusaha UMKM apresiasi perhatian Pemerintah Kota Medan httpstcojOeCCorvei,usaha umkm apresiasi perhati perintah kota medan
Perlu adanya upaya kolaboratif antara pemerintah lembaga kesehatan organisasi masyarakat dan masyarakat itu sendiri Programprogram kesehatan komunitas yang memfokuskan pada penyediaan layanan kesehatan  MuktarEfendiHarahap Medan DeliSerdang SerdangBedagai TebingTinggi httpstcomOirRXldL8,upaya kolaboratif perintah lembaga sehat organisasi masyarakat masyarakat programprogram sehat komunitas fokus sedia layan sehat muktarefendiharahap medan serdang serdangbedagai tebingtinggi
Kanwil Kemenkumham Sumut diwakili Kepala Bidang HAM Flora Nainggolan beserta staff berkoordinasi dengan Bagian Hukum Setda Kota Medan terkait evaluasi capaian Aksi HAM B04 dan persiapan Laporan Aksi HAM B08 Pemerintah Daerah Kota Medan Tahun 2023  KemenkumhamSUM httpstcoq25sSv3d4v,kanwil menteri hukum hak asasi manusia sumut wakil kepala bidang ham flora nainggolan serta staff koordinasi hukum setda kota medan kait evaluasi capai aksi ham bb siap lapor aksi ham bb perintah daerah kota medan kemenkumhamsum
Melihat kerusuhan di medan saya merasa ada plus nya Selama ini pemerintah agak kendor soal keamanan masyarakat nah kerusuhan di medan agar pemerintah mendengarkan selama ini kerusuhan yang terjadi kayak tipis jadinya pemerintah tidak tau Semoga pemerintah cepat tanggap,rusuh medan plus nya perintah kendor aman masyarakat rusuh medan perintah dengar rusuh tipis perintah tau moga perintah cepat tanggap
Dari sembilan WNI tersebut enam di antaranya berasal dari Jawa Timur dan langsung diterbangkan ke Surabaya untuk diserahkan kepada Pemerintah Daerah Jawa Timur Sementara itu tiga orang lainnya melanjutkan perjalanan ke Medan Sumatera Utara sesuai daerah asal mereka,sembilan wni enam asal jawa timur langsung terbang surabaya serah perintah daerah jawa timur orang lanjut jalan medan sumatera utara sesuai daerah
pengen marah2 pagi2 sm pemerintah jalanan medan merdeka ditutup mulu tp gak guna juga 85 pemerintah gak dimarah2in juga gak guna,marah pagi perintah jalan medan merdeka tutup mulu perintah dimarahin
Alhamdulillah Jembatan Perbatasan yang menghubungkan Kabupaten Aceh UtaraAceh Timur tepatnya di Jalinsum Banda AcehMedan sudah diperbaikiTerimakasih untuk Pemerintah  Aceh atau Dinas Terkait httpstco4BuH099GxR,alhamdulillah jembatan batas hubung kabupaten aceh utaraaceh timur tepat jalinsum banda acehmedan diperbaikiterimakasih perintah aceh dinas kait
DandhyLaksono Timses den Ganjar ngawur den Ganjarnya lebih ngawur lagi mau2nya ikut skenario blusukan di daerah yg bukan wewenangnya Ada JakLapor di app JAKI DKI yg mewakili pemerintah RI di ajang Asean ICT award Timses den Ganjar blunder tak kuasai medan,dandhylaksono timses den ganjar ngasal den ganjar ngasal mau skenario blusukan daerah wewenangnya jaklapor app jaki dki wakil perintah ri ajang asean ict award timses den ganjar blunder kuasa medan
Sebuah konsekuensi proses dlm perjalanan hidup Berharap rumusan2 yg dihlskan bisa memberikan kontribusi bagi pemerintah dan gerakan ekonomi baru di kota Medan   memutarlimbahperadaban filmdokumenter mediaidentitas kotamedan  httpstcoctDEKBxbCV httpstcoJRYZH3Kcbq,konsekuensi proses jalan hidup harap rumus dihlskan kontribusi perintah gera ekonomi kota medan memutarlimbahperadaban filmdokumenter mediaidentitas kotamedan
Selamat Hari Bidan Nasional  Terima kasih kepada para bidan yang berdedikasi dan bekerja keras termasuk membantu pemerintah dalam menurunkan angka stunting khususnya di Kota Medan  KolaborasiMedanBerkah  MedanBerkah  SalamKolaborasi httpstcoSt25dNbUHj,selamat bidan nasional terima kasih bidan dedikasi keras bantu perintah turun angka stunting kota medan kolaborasimedanberkah medanberkah salamkolaborasi
Pemerintah Provinsi DKI Jakarta mulai memberlakukan pemutihan pajak kendaraan bermotor Dalam rangka merayakan Hari Ulang Tahun Ke496 Kota Jakarta Program pemutihan ini berlaku mulai 22 Juni sampai 29 Desember 2023 birojasa birojasacvpirdo Medan kendaraan pengurusanstnk httpstcoJpCb3aM18j,perintah provinsi dki jakarta laku mutih pajak kendara motor rangka raya ulang kota jakarta program mutih laku juni desember birojasa birojasacvpirdo medan kendara pengurusanstnk
KPP Pratama Medan Polonia bekerjasama dengan Dinas Perhubungan Provinsi Sumatera Utara menyelenggarakan edukasi perpajakan Kewajiban Perpajakan Instansi Pemerintah di Hotel Arya Duta pada Rabu 146 httpstcoPq206mQiRY,kpp pratama medan polonia bekerjasama dinas hubung provinsi sumatera utara selenggara edukasi paja wajib paja instansi perintah hotel arya duta rabu
indoflyer Shitt men biasanya cgk  sin sejutaan doang   Mending lewat penang transit di KNO medan juga bisa Cari rute lain pokoknya Parah emang pemerintah INA Sumpah mengecewakan udah gitu merugi semua ini usahanya mahal doang layanan ZONK,indoflyer shitt men cgk sin juta mending nang transit kno medan cari rute pokok parah emang perintah ina sumpah kecewa rugi usaha mahal layan zonk
Begal dan Geng Motor di Medan Meningkat PPI Ingatkan Pemerintah Jaga Keamanan dan Kondusifitas httpstcopruWHWf9IB parboaboa aksiprotes  kriminalitas  daerah  begal  gengmotor  ppisumut  beritasumut,begal geng motor medan tingkat ppi ingat perintah jaga aman kondusifitas parboaboa aksiprotes kriminalitas daerah begal gengmotor ppisumut beritasumut
kompascom Warga itu hanya pion Biang keroknya harus dilibas oleh pemerintah Contoh babinsa ini harus segera diamankan oleh Mabes TNI Begitu juga ketua RT atau mungkin ada tokoh agama lain yg orang medan bilang menokonokoi,kompascom warga pion biang kerok libas perintah contoh babinsa aman mabes tni ketua tokoh agama orang medan bilang menokonokoi
Aksi Demonstrasi Gelombang ke9 Penolakan UU Cipta Kerja di Medan Buruh Pemerintah dan DPR Pengecut Tak Hadiri Sidang JR di MK httpstcojdXrI2RHTp parboaboa UUCiptaKerja   partaiburuh  daerah  aksidemonstrasi  menkoperekonomian  beritasumut,aksi demonstrasi gelombang tolak uu cipta kerja medan buruh perintah dpr kecut hadir sidang jr mk parboaboa uuciptakerja partaiburuh daerah aksidemonstrasi menkoperekonomian beritasumut
Presiden Partai Buruh Said Iqbal memimpin aksi buruh di depan Kantor Gubernur Sumut di Medan Mereka mendesak pemerintah segera mencabut UU Cipta Kerja httpstcoftHRDMWNrc,presiden partai buruh said iqbal pimpin aksi buruh kantor gubernur sumut medan desak perintah cabut uu cipta kerja
Semoga bangunan adat Medan Nan Bapaneh di Kotamadya Solok ini segera mendapat perhatian serius dari Pemerintah Pusat ataupun Daerah serta serta masyarakat Indonesia dan masyarakat adat yang ada di Solok    TikTokImpact tasteofpadang wonderfulindonesia medannanbapaneh httpstcoCs3ph3Xbrk,moga bangun adat medan nan bapaneh kotamadya solok perhati serius perintah pusat daerah masyarakat indonesia masyarakat adat solok tiktokimpact tasteofpadang wonderfulindonesia medannanbapaneh
kompascom Salam hormat pak ListyoSigitP pak ahriesonta  mohon dicek biaya pengurusan sim A dan C di medan karena tidak sesuai dengan tarif yang ditetapkan pemerintah Pengurusan sim A baru dikenakan biaya 8000001000000 dan pengurusan sim C sebesar 750000850000,kompascom salam hormat listyosigitp ahriesonta mohon cek biaya urus sim a c medan sesuai tarif tetap perintah urus sim a kena biaya urus sim c
Kepala Dinas Komunikasi dan Informatika Provinsi Sumatera Utara Ilyas Sitorus menghadiri pertemuan Silaturahmi Komunikasi Sosial dengan Aparat Pemerintah di Aula Gedung AH Nasution Lt II Makodam IBBJalan Gatot Subroto Medan Rabu 216  KomunikasiSosial Kominfo httpstcocY0nPHZ9Ja,kepala dinas komunikasi informatika provinsi sumatera utara ilyas sitorus hadir temu silaturahmi komunikasi sosial aparat perintah aula gedung ah nasution lantai ii makodam ibbjalan gatot subroto medan rabu komunikasisosial komunikasi informatika
Kunjungi MAN 2 Model Medan Rajudin Sagala  Pemerintah Harus Perhatikan Sarana dan Prasarana Serta Kesejahteraan Guru Sekolah Berbasis Agama httpstcoH32H5k6geV httpstco5QzD1Yw73J,kunjung man model medan rajudin sagala perintah perhati sarana prasarana sejahtera guru sekolah bas agama
qaireen084 hehe aku baru ngejalin hubungan virtual sama orang medan sedangkan aku sendiri tinggal di jogja Jauh ya tapi tidak cuma itu Dia kristen sedangkan gw islam makin jauh ya Apalagi dia dari keluarga yang mampu sedangkan keluargaku makan aja masih ditanggung pemerintah hehe,qaireen ngejalin hubung virtual orang medan tinggal jogja ya kristen islam ya keluarga keluarga makan tanggung perintah
Tho di bali banyak anjing kenapa ga ada vaksin progressive dari pemerintah ya Di medan tuh biasanya si dokternya keliling vakisinin anjing kita 36 bulan sekali It costs literally 20rb rupiah like,tho bal anjing vaksin progressive perintah ya medan tuh dokter keliling vakisinin anjing it ongkos literally rb rupiah like
Acara zikir dan doa bersama tersebut digelar Pemerintah Kota Medan untuk memperingati awal tahun 2023 KitaSemuaBersatu NeruskePakdhe Prabowo Subianto,acara zikir doa gelar perintah kota medan ingat kitasemuabersatu neruskepakdhe prabowo subianto
Acara tersebut digelar oleh Pemerintah Kota Medan dengan tujuan untuk memohon kemudahan dalam menjalankan program pembangunan KitaSemuaBersatu NeruskePakdhe Prabowo Subianto,acara gelar perintah kota medan tuju mohon mudah jalan program bangun kitasemuabersatu neruskepakdhe prabowo subianto
sunartoadhie32 JhonniSinaga20 ganjarpranowo Saya sepakat karena orangorang yg ngakunya pinter itu pada dasarnya pemalas mau hidup enak tp cuma mengantungkan pada pemerintah coba ternak ikan teri misalnya harga teri medan sampai 150Kkg ,sunartoadhie jhonnisinaga ganjarpranowo sepakat orangorang ngakunya pintar dasar malas hidup enak kantung perintah coba ternak ikan teri harga teri medan kkg
Rezim pemolisianpolitik yg diciptakan pemerintah kolonial ini mencapai keberhasilan sekaligus kegagalan Medan pergerakan bumiputra tak pernah benarbenar berhasil ditundukkan Para aktivis pergerakan terhubung dlm jaringanjaringan cair lintasbatas ruang dan ideasional,rezim pemolisianpolitik cipta perintah kolonial capai hasil gagal medan gera bumiputra benarbenar hasil tunduk aktivis gera hubung jaringanjaringan cair lintasbatas ruang ideasional
jokowi Indonesia dlm perbaikan amp  persaingan kualitas namun ada sebahgian daerah msh kurg dewasa sumut medan misalkan kualitas PLN sgt rendahinvestasi meragukan hal ini lampu mati hidup dibiarkan seperti sedia ada pemerintah hrs mampu memperbaiki kualitas inipecat amp  ganti,jokowi indonesia baik amp saing kualitas sebahgian daerah kurg dewasa sumut medan kualitas pln rendahinvestasi ragu lampu mati hidup biar sedia perintah baik kualitas inipecat amp ganti
Bangkitkan perekonomian melalui sektor UMKM jadi salah satu poin penting disampaikan Wali Kota Medan sekaligus Ketua Komisariat Wilayah I Asosiasi Pemerintah Kota Seluruh Indonesia Bobby Nasution dalam Raker Komwil I APEKSI 2023   Sindonews news httpstco0Sb68zgMYJ,bangkit ekonomi sektor umkm salah poin wali kota medan ketua komisariat wilayah i asosiasi perintah kota indonesia bobby nasution raker komwil i apeksi sindonews berita
Rapat Kerja Raker Komisariat Wilayah Komwil I Asosiasi Pemerintah Kota Seluruh Indonesia Apeksi tahun 2023 yang dipimpin Wali Kota Medan Bobby Nasution menghasilkan 13 rekomendasi untuk Pemerintah Pusat  KolaborasiMedanBerkah MedanBerkah SalamKolaborasi httpstcoHVa2hkMC7M,rapat kerja raker komisariat wilayah komwil i asosiasi perintah kota indonesia apeksi pimpin wali kota medan bobby nasution hasil rekomendasi perintah pusat kolaborasimedanberkah medanberkah salamkolaborasi
Arus informasi mengalir ke desadesa Tak mau kecolongan lewat program Koran Masuk Desa pemerintah Orde Baru menjadikan desa sebagai medan pertempuran httpstcoNneBJUOQsL,arus informasi alir desadesa colong program koran masuk desa perintah orde jadi desa medan tempur
Ditengah pembangunan yang ugalugalan di medanbapak kota kita lupa bahwa merawat fakir miskin dan mencerdaskan anak bangsa adalah tugas etis pemerintahorang medan tidak anti dengan pembangunantapi yang kita mau pembangunan yang sustainable,tengah bangun ugalugalan medanbapak kota lupa rawat fakir miskin cerdas anak bangsa tugas etis pemerintahorang medan anti pembangunantapi bangun sustainable
satriohendri PDIPerjuangan budimandjatmiko Tahun 1996 terjadi Peristiwa Kudatuli perebutan kursi Ketum PDI antara Ibu Megawati pemenang Kongres Medan dan Pak Sorjadi yang didukung Pemerintah PDI terpecah menjadi PDI dan PDI Mega yang selanjutnya mendeklarasikan diri menjadi PDI Perjuangan yang terus ,satriohendri pdiperjuangan budimandjatmiko peristiwa kudatuli rebut kursi tum pdi megawati menang kongres medan sorjadi dukung perintah pdi pecah pdi pdi mega deklarasi pdi juang
httpstco5ftI0b3IlZ          Medan  Pemerintah terus mematangkan rencana pemindahan Ibu Kota Negara IKN ke Kalimantan Timur Belasan ribu ASN dan personel TNIPolri akan dipindahkan ke IKN Nusantara mulai 2024 mendatangMenteri  httpstcobloqm2CaWG,medan perintah matang rencana pindah kota negara ikn kalimantan timur bas ribu asn personel tnipolri pindah ikn nusantara mendatangmenteri
Trotoar depan kantor Kedutaan Besar Kedubes Amerika Serikat AS di Jl Medan Merdeka Selatan Jakarta Pusat yang sempat ditutup kini kemballi dibuka Akses pejalan kaki yang sempat ditutup itu kini telah dibuka oleh Pemerintah Provinsi DKI Jakarta httpstcoS8RjeRbyfO,trotoar kantor duta dubes amerika serikat as jalan medan merdeka selatan jakarta pusat tutup kemballi buka akses pejal kaki tutup buka perintah provinsi dki jakarta
SammiSoh Malang Jawa Barat Jakarta Banten semakin tidak jelas pemerintah dan oknum nya sekarang mulai ke Medan apa yg salah dari org mencari uang yg halal,sammisoh malang jawa barat jakarta banten perintah oknum nya medan salah orang cari uang halal
Pemerintah Provinsi DKI Jakarta membuka kembalitrotoardi depan kantor Kedutaan Besar Amerika Serikat di Jalan Medan Merdeka Selatan Jakarta Pusat pada Jumat 96 MostUpdate1058 httpstcovuK5hmCAw7,perintah provinsi dki jakarta buka kembalitrotoardi kantor duta amerika serikat jalan medan merdeka selatan jakarta pusat jumat mostupdate
mazzinigsp Sepertinya pemerintah harus gencar dan tanggap dalam penyebaran informasi bahwa BBM ramah lingkungan tuh harus di kedepankan apalagi suhu di sekitaran Medan tuh panasssss karna makin banyak kendaraan,mazzinigsp perintah gencar tanggap sebar informasi bbm ramah lingkung tuh depan suhu sekitar medan tuh panasssss kendara
JombangJuntak InterClubIndo ICIMedan Sudah direncanakan joms dari kemaren twit ramah pemerintah ,jombangjuntak interclubindo icimedan rencana joms kemaren tweet ramah perintah
mimbii avateagung MurtadhaOne psiid kaesangp iya jg sih cmn itu sanak saudara pak jkw ada di solo ma medan jg jd penguasa klo ditambah depok maah 3 orang  efek di pemerintah daerah aja sih klo gw klo baik mngkin gpp klo jelek gmn  gw ngersain bgt politik dinasti itu jeleknya tp,mimbii avateagung murtadhaone psiid kaesangp iya sih cmn sanak saudara jkw solo medan kuasa tambah depok maah orang efek perintah daerah sih tidak-apa-apa jelek ngersain banget politik dinasti jelek
selasa 66 KPP Pratama Medan Petisah melaksanakan sosialisasi terkait kewajiban perpajakan Instansi Pemerintah di Aula Manunggal Makodam I BB   Kegiatan ini bertujuan untuk meningkatkan pengetahuan serta hak dan kewajiban perpajakan Instansi Pemerintah  pajakmedanpetisah httpstcoQH4Dw4Ta7S,selasa kpp pratama medan petisah laksana sosialisasi kait wajib paja instansi perintah aula manunggal makodam i bb giat tuju tingkat tahu hak wajib paja instansi perintah pajakmedanpetisah
Selasa 66 KPP Pratama Medan Petisah melaksanakan sosialisasi terkait kewajiban perpajakan Instansi Pemerintah di Aula Manunggal Makodam IBB  Kegiatan ini bertujuan meningkatkan pengetahuan serta hak dan kewajiban perpajakan Instansi Pemerintah  ditjenpajakri pajaksumut1 httpstcoXqL4oXh2lO,selasa kpp pratama medan petisah laksana sosialisasi kait wajib paja instansi perintah aula manunggal makodam ibb giat tuju tingkat tahu hak wajib paja instansi perintah ditjenpajakri pajaksumut
bila umat Nasrani di Medan tidak dapat beribadah bebas sesuai agama dan kepercayannyamaka Pemerintah Pusat WAJIB RESMIKAN PROV TAPANULI,umat nasrani medan ibadah bebas sesuai agama kepercayannyamaka perintah pusat wajib resmi prov tapanuli
PEMUDA BATAK BERSATU PBB DPD SumateraUtara dalam aksi damai di depan Kantor Gubernur SUMUT dan depan Kantor Walikota Medan menyampaikan tuntutan salah satunyakirannya Pemerintah dpt memaknai PASAL 29 ayat 2 UUD 1945 Sebagai dasar beragama dan beribadat httpstcocXIBZS5At3,pemuda batak satu pbb dpd sumaterautara aksi damai kantor gubernur sumut kantor walikota medan tuntut salah satunyakirannya perintah makna pasal ayat uud dasar agama ibadat
Laksanakan Persiapan Identifikasi TelaahanRekomendasi Rancangan Produk Hukum Daerah dari Perspektif HAM Tim Bidang HAM dari Kantor Wilayah Kementerian Hukum dan HAM Sumatera Utara Berkunjung ke Bagian Hukum Setda Pemerintah Kota Medan  KemenkumhamSUM httpstco6d74duugRP,laksana siap identifikasi telaahanrekomendasi rancang produk hukum daerah perspektif ham tim bidang ham kantor wilayah menteri hukum ham sumatera utara kunjung hukum setda perintah kota medan kemenkumhamsum
Pemerintah Kota Medan bekerja sama dengan 11 perusahaan gelar job fair mini Sebanyak 1009 lowongan kerja bagi masyarakat Kota Medan httpstco2CvOsLoPg4,perintah kota medan usaha gelar job fair mini lowong kerja masyarakat kota medan
Pemerintah Kota Medan bersama ratusan anak muda Medan menyaksikan kemeriahan Localfest 2023  KolaborasiMedanBerkah MedanBerkah SalamKolaborasi httpstcoHbfocqi1CX,perintah kota medan ratus anak muda medan saksi riah localfest kolaborasimedanberkah medanberkah salamkolaborasi
Trotoar di depan Kedubes Amerika Serikat Jalan Medan Merdeka Selatan Jakarta Pusat ditutup untuk umum Duta Besar Amerika Serikat Sung Y Kim pun menanti pemerintah Indonesia untuk membuka kembali akses jalan itu newsupdate update news oneliner httpstco1DuppgBCqP httpstco6GjABafyUQ,trotoar dubes amerika serikat jalan medan merdeka selatan jakarta pusat tutup duta amerika serikat sung y kim perintah indonesia buka akses jalan newsupdate update berita oneliner
Nantinya jalan tol ini akan memangkas waktu tempuh dari Medan ke Danau Toba Yang awalnya 34 jam menjadi 152 jam   Ini merupakan upaya pemerintah untuk meningkatkan pertumbuhan ekonomi wilayah Sumatera Utara melalui sektor Parawisata,jalan tol mangkas tempuh medan danau toba jam jam upaya perintah tingkat tumbuh ekonomi wilayah sumatera utara sektor parawisata
Pemerintah Kota Medan menggalakkan promosi Celibu httpstcou8nESRZhuS,perintah kota medan galak promosi celibu
Pemerintah Kota Medan menggalakkan promosi Celibu httpstco1rcV11xiO5,perintah kota medan galak promosi celibu
jokowi Intoleran semakin merajalela di Medantp pemerintah selalu menutup mata apalagi pemerintah pusat hanya berbicara lewat podium tanpa melihat dilapangan terima kasih pak Jokowi ketidak pedulian ttg memberantas intoleran,jokowi intoleran rajalela medantp perintah tutup mata perintah pusat bicara podium lapang terima kasih jokowi tidak peduli ttg berantas intoleran
BennyHarmanID hey Ben Penguasa itu kalau mau begal itu partai saat pendaftaran ke kemenkumham dahulu pasti mereka diterima versi munaslub medan namun nyatanya pemerintah menolak,bennyharmanid hey ben kuasa begal partai daftar menteri hukum hak asasi manusia terima versi munaslub medan perintah tolak
Harga Ayam Potong di Medan Tembus Rp45 Ribu per Kilogram Pedagang Bakso Tak Bisa Harapkan Bantuan Pemerintah Anggap Tak Ada httpstcoKBDcpepJE9 medan pemkomedan bobbynasution  parboaboa hargaayam  medan  daerah  pedagang  beritasumut,harga ayam potong medan tembus rupiah ribu kilogram dagang bakso harap bantu perintah anggap medan pemkomedan bobbynasution parboaboa hargaayam medan daerah dagang beritasumut
Pamer 6 bln terakhir   Alhamdulillah sehat smp skrng stlh sempat sakit parah awal tahun   Menyelesaikan race 5km saat hamil   Menyelesaikan ujian 2 kursus online bersertifikat salah satunya dibayari pemerintah NL   Naik gunung dgn medan terjal sejauh 2km di Gran Canaria httpstco1iJTCgiru8,pamer alhamdulillah sehat smp sakit parah selesai race hamil selesai uji kursus online sertifikat salah satu bayar perintah nl gunung medan terjal gran canaria
KONSEN KEPADA PENERAPAN SISTEM PENGAMANAN PUSMANPRO UPMK IV MEDAN GELAR PELATIHAN SMP  Senin 5 Juni 2023  PLN merupakan salah satu obyek vital nasional yang telah ditetapkan oleh Pemerintah melalui Kementrian ESDM   Selengkapnya  httpstcoucB8BssvYP httpstcoHkPkdPKZYu,konsen terap sistem aman pusmanpro upmk iv medan gelar latih smp senin juni pln salah obyek vital nasional tetap perintah menteri esdm lengkap
Kamis 2505 Hari kelima KPP Pratama Medan Petisah melaksanakan Bimtek EBupot Unifikasi Instansi Pemerintah yang dihadiri oleh bendahara instansi pemerintah vertikal di wilayah kerja KPP Pratama Medan Petisah httpstco7LKq1E6i4j,kamis kpp pratama medan petisah laksana bimtek ebupot unifikasi instansi perintah hadir bendahara instansi perintah vertikal wilayah kerja kpp pratama medan petisah
Rabu 2405 Hari keempat KPP Pratama Medan Petisah melaksanakan Bimtek EBupot Unifikasi Instansi Pemerintah yang dihadiri oleh bendahara instansi pemerintah vertikal di wilayah kerja KPP Pratama Medan Petisah httpstcoejCODj49JE,rabu empat kpp pratama medan petisah laksana bimtek ebupot unifikasi instansi perintah hadir bendahara instansi perintah vertikal wilayah kerja kpp pratama medan petisah
Selasa 2305 Hari ketiga KPP Pratama Medan Petisah melaksanakan Bimtek EBupot Unifikasi Instansi Pemerintah yang dihadiri oleh bendahara instansi pemerintah vertikal di wilayah kerja KPP Pratama Medan Petisah httpstco94Tzwu2w6Z,selasa tiga kpp pratama medan petisah laksana bimtek ebupot unifikasi instansi perintah hadir bendahara instansi perintah vertikal wilayah kerja kpp pratama medan petisah
yaudahlahcii txtdrpemerintah Pemerintah medan nih harusnya juga gini,yaudahlahcii txtdrpemerintah perintah medan nih
AiekSpeechless Memang zaman orba di Medan islam amp  kristen amp  tionghoa rukun beribadah masing2 Akrab dan saling bantu 29 tahun saya hidup di orba selalu rukun Sejak 2014 makin gaduh sejak adanya kaum buzzerRp makin rusak kerukunan Hoax begitu bebas karena tidak ada kontrol pemerintah,aiekspeechless zaman orba medan islam amp kristen amp tionghoa rukun ibadah akrab bantu hidup orba rukun gaduh kaum buzzerrp rusak rukun hoax bebas kontrol perintah
DokterTifa Memang zaman orba di Medan islam amp  kristen amp  tionghoa rukun beribadah masing2 Akrab dan saling bantu 29 tahun saya hidup di orba kerukunan Sejak 2014 makin gaduh sejak adanya kaum buzzerRp makin rusak kerukunan Hoax begitu bebas karena tidak ada kontrol pemerintah,doktertifa zaman orba medan islam amp kristen amp tionghoa rukun ibadah akrab bantu hidup orba rukun gaduh kaum buzzerrp rusak rukun hoax bebas kontrol perintah
YurissaSamosir Kalau di medan ada ungkapan  LEMBU PUNYA SUSU KELING PUNYA NAMA pemerintah pusat yg bayarwan Toa yg ngaku2  Kalau rugitinggal salahkan pemerintah pusat  Kalau suksespasti diklaim sebagai hasil kerjanya  Mayan nambah2 resume menjelang nyapres,yurissasamosir medan ungkap lembu susu keling nama perintah pusat bayarwan toa ngaku rugitinggal salah perintah pusat suksespasti klaim hasil kerja mayan tambah resume jelang nyapres
Kesultanan Serdang berhasil selamat karena dekat dengan markas TRI di Perbaungan yang berafiliasi dengan pemerintah Indonesia di Jawa Kesultanan Deli juga terlindungi karena dekat dengan benteng pertahanan tentara sekutu di Medan,sultan serdang hasil selamat markas tri baung afiliasi perintah indonesia jawa sultan deli lindung benteng tahan tentara sekutu medan
Miduk17 Perasaan yg gak dukung pemerintah diributi aja sm kambing congek 1 ini Ko tau proyek di medan banyak buat patung dan tugu  Gak ada manfaat utk rakyat Belum lagi lampu pocong dr tahun lalu habiskan duit sampai hari ini belum selesai juga   Kritiklah dgn fair bkn krn perut httpstcoGhMNDU3s4e,miduk asa dukung perintah ribut kambing congek ko tau proyek medan patung tugu manfaat rakyat lampu pocong habis duit selesai kritik fair perut
spesialis areinismyname prabowo azissubekti Dondasco bengkeldodo papabowo2024 NdonsBack AndreasSolusi Bambangmulyonoo BankJoee Di medan proyek lampu pocong yg sudah selesai aja bisa dimintakan kembali duitnya 23milyar oleh walikota bobby apa anehnya kalo pemerintah tak kasih duit untuk program apapun Kalian pikir semewah kalian NGO yg terima duit amerika untuk melakukan kudeta merangkak,spesialis areinismyname prabowo azissubekti dondasco bengkeldodo papabowo ndonsback andreassolusi bambangmulyonoo bankjoee medan proyek lampu pocong selesai minta duit milyar walikota bobby aneh perintah kasih duit program apa pikir mewah terima duit amerika kudeta rangkak
Pemerintah Kota Pemkot Administrasi Jakarta Pusat kembali mengadakan koordinasi dengan para pemangku kepentingan terkait penataan pedagang di kawasan Jalan Medan Merdeka Timur Kelurahan Gambir Kecamatan Gambir httpstcoiDULqFK9yF,perintah kota perintah kota administrasi jakarta pusat ada koordinasi mang penting kait tata dagang kawasan jalan medan merdeka timur lurah gambir camat gambir
Saya yakin kemampuan Wali Kota Medan Bobby Nasution yang miliki akses ke pemerintah pusat persoalan air bersih di Kota Medan bisa segera teratasi ungkap Mulia,mampu wali kota medan bobby nasution milik akses perintah pusat air bersih kota medan atas mulia
Politikus Gerindra ini menyebut pengelolaan air bersih telah ditangani oleh Perumda Tirtanadi milik Pemerintah Provinsi Sumut setelah Indonesia merdeka Namun lanjutnya Pemkot Medan tidak boleh lepas tangan atas penderitaan warganya,politikus gerindra sebut kelola air bersih tangan perumda tirtanadi milik perintah provinsi sumut indonesia merdeka perintah kota medan lepas tangan derita warga
dr Susanti Dewayani SpA menyampaikan bahwa Pemerintah Kota Pematang Siantar Kota Medan dan Pakpak Bharat selalu mengupayakan yang terbaik dari awal keberangkatan sampai akhir kepulangan  httpstcomRA8C7aByn,susanti dewayani spa perintah kota pematang siantar kota medan pakpak bharat upaya baik berangkat pulang
kreativisme MenyendiriRamli YanHarahap SBYudhoyono jokowi Jarak dari tempat saya yang tading 8 jam ke Medan sekarang cuma 2 jam itu karena salah satu tol yg dibangunmau swasta atau pemerintah apa bedanyaemang jaman sby nggak ada swastatolol jangan kira kira,kreativisme menyendiriramli yanharahap sbyudhoyono jokowi jarak tading jam medan jam salah tol dibangunmau swasta perintah bedanyaemang jaman sby swastatolol
Ia cukup memahami permasalahan yang terjadi di Kota Medan Menurutnya ada hal yang belum tuntas khususnya dengan menyalurkan aspirasi tersebut Chairil menjelaskan hal pertama yang harus ada dan dilakukan adalah pemberdayaan manusia harus disiarkan oleh pemerintah,paham masalah kota medan turut tuntas salur aspirasi chairil daya manusia siar perintah
KompasTV Bersyukur seharusnya pihak masyarakat setempat tlh membantu kerja PEJABAT PEMERINTAH dlm viralkan kelakuan brengsek para turis asing bukannya malah akan dipidanakan OMG ,kompastv syukur masyarakat bantu kerja jabat perintah viralkan laku brengsek turis asing pidana ya tuhan
KPP Pratama Medan Petisah melaksanakan Bimtek EBupot Unifikasi Instansi Pemerintah hari kelima yang dihadiri oleh bendahara instansi pemerintah vertikal di wilayah kerja KPP Pratama Medan Petisah Kamis 255 httpstcoPugDt6q976,kpp pratama medan petisah laksana bimtek ebupot unifikasi instansi perintah hadir bendahara instansi perintah vertikal wilayah kerja kpp pratama medan petisah kamis
Kepala PPS Belawan menghadiri konsultasi publik Rancangan Peraturan Menteri KP tentang Peraturan Pelaksanaan Peraturan Pemerintah Nomor 11 tahun 2023 di Medan Kegiatan ini dalam rangka pelaksanaan penangkapan ikan terukur di Zona 05 KKPThrive DJPTBersinergi PPSBelawanKOMPAK httpstcooVQaXVqIWO,kepala pps belawan hadir konsultasi publik rancang atur menteri kp atur laksana atur perintah nomor medan giat rangka laksana tangkap ikan ukur zona kkpthrive djptbersinergi ppsbelawankompak
Wali Kota Medan Bobby Nasution kembali membawa Pemko Medan mencapai opini Wajar Tanpa Pengecualian WTP dari Badan Pemeriksa Keuangan BPK RI atas Laporan Keuangan Pemerintah Daerah LKPD Kota Medan Tahun Anggaran 2022 httpstconIh4wjKbZw,wali kota medan bobby nasution bawa pemko medan capai opini wajar kecuali wtp badan periksa uang ri lapor uang perintah daerah lkpd kota medan anggar
Rabu 2405 Hari keempat KPP Pratama Medan Petish melaksanakan Bimtek EBupot Unifikasi Instansi Pemerintah yang dihadiri ole bendahara instansi pemerintah vertikal di wilayah kerja KPP Pratama Medan Petisah httpstco3zpSaNbPfR,rabu empat kpp pratama medan petish laksana bimtek ebupot unifikasi instansi perintah hadir ole bendahara instansi perintah vertikal wilayah kerja kpp pratama medan petisah
detikcom Akhirnya aku tau dia siapa  sering lihat balihonya di jalanan kota Medantapi nggak tau dia siapa wkwkwkwkwk separah itu nggak kenal pemerintah ,detikcom tau lihat baliho jalan kota medantapi tau wkwkwkwkwk parah kenal perintah
Pemko Medan mulai melakukan perbaikan jalan Marelan Raya di Kec Medan Marelan Ini merupakan jalan ketiga yang didelegasikan oleh Pemerintah Provinsi Sumut untuk diperbaiki oleh Pemko Medan  KolaborasiMedanBerkah MedanBerkah SalamKolaborasi httpstcoAkgj4xb59Z,pemko medan baik jalan marelan raya kec medan marelan jalan tiga delegasi perintah provinsi sumut baik pemko medan kolaborasimedanberkah medanberkah salamkolaborasi
Wali Kota Medan Bobby Nasution kembali membawa Pemko Medan mencapai opini Wajar Tanpa Pengecualian WTP dari Badan Pemeriksa Keuangan BPK RI atas Laporan Keuangan Pemerintah Daerah LKPD Kota Medan Tahun Anggaran 2022   KolaborasiMedanberkah  Medanberkah httpstcoOIa63uOBsP,wali kota medan bobby nasution bawa pemko medan capai opini wajar kecuali wtp badan periksa uang ri lapor uang perintah daerah lkpd kota medan anggar kolaborasimedanberkah medanberkah
MichelAdam7 Kota Medan jago nya jual aset negara Medan ngak punya lahan luas bagun stadion olahraga tp lahan luas kantor TNI au jalan lanud suwondo bandara Polonia sampai asrama TNI au jalan Polonia dijual ke swasta kan pemerintah medan tololnya tingkat dewa,micheladam kota medan jago nya jual aset negara medan lahan luas bagun stadion olahraga lahan luas kantor tni au jalan lanud suwondo bandara polonia asrama tni au jalan polonia jual swasta perintah medan tolol tingkat dewa
Sebelumnya Waskita Karya dipercaya untuk melakukan renovasi Masjid Istiqlal di Jakarta membangun Masjid Sheikh Zayed di Solo Kali ini PT Waskita Karya Persero Tbk dipercaya oleh Pemerintah Kota Medan Sumatera Utara untuk membangun Medan Islamic Centre,waskita karya percaya renovasi masjid istiqlal jakarta bangun masjid sheikh zayed solo kali pt waskita karya persero tbk percaya perintah kota medan sumatera utara bangun medan islamic centre
Halo TemanKita   Hari ini MiminKita punya kabar baik dari Waskita Karya yang dipercaya untuk membangun Medan Islamic Centre oleh Pemerintah Kota Medan lohh  httpstcoSsgqLJdZB8,halo temankita miminkita kabar waskita karya percaya bangun medan islamic centre perintah kota medan lohh
4  8 dan 12  15 Mei 1998 Lokasi Kerusuhan utama terjadi diMedan Jakarta  danSolo Raya Sebab kritik thd pemerintahOrde Baru dan keruntuhan ekonomi akibat darikrisis finansial Asia 1997 Pengunduran diri PresidenSoehartodan pembentukanKabinet Reformasi Pembangunan httpstcoSALHprwj6m,mei lokasi rusuh utama medan jakarta dansolo raya kritik thd pemerintahorde runtuh ekonomi akibat darikrisis finansial asia undur presidensoehartodan pembentukankabinet reformasi bangun
Srik4ndiMuslim2 msaiddidu rashahasib94092 fandyhasibuan KiYang4343 Lahan milik pemerintah medan byk dijual ke properti cth gedung percetakan jalan merak jingga sebelah spbu dijual dibagun hotel tanah perkebunan dr turunan jembatan layang brayan mau ke kapten sumarsono dijual ke properti,srikndimuslim msaiddidu rashahasib fandyhasibuan kiyang lahan milik perintah medan jual properti cth gedung cetak jalan merak jingga belah spbu jual dibagun hotel tanah kebun turun jembatan layang brayan kapten sumarsono jual properti
Kemenkumham Raih Penghargaan Terbaik UKPBJ Proaktif  Jakarta  Kementerian Hukum dan Hak Asasi Manusia Kemenkumham menerima penghargaan atas pencapaian prestasi Terbaik Ke 2 atas UKPBJ Proaktif tahun 2023 dari Lembaga Kebijakan Pengadaan BarangJasa Pemerintah LKPP httpstcoc4iw429t41,menteri hukum hak asasi manusia raih harga baik ukpbj proaktif jakarta menteri hukum hak asasi manusia menteri hukum hak asasi manusia terima harga capai prestasi baik ukpbj proaktif lembaga bijak ada barangjasa perintah lkpp
Ahooiii kawan Deli Serdang  Yok kunjungi Stand Pameran Pemerintah Kabupaten Pemkab Deli Serdang pada Pekan Inovasi Investasi Sumatera Utara di Lapangan Istana Maimun Jalan Brigjen Katamso Kelurahan Aur Kecamatan Medan Maimun httpstcoOpfAvJLdG8 httpstcoyYJWwCySiE,ahooiii kawan deli serdang yok kunjung stand pamer perintah kabupaten pemkab deli serdang pekan inovasi investasi sumatera utara lapang istana maimun jalan brigjen katamso lurah aur camat medan maimun
Menteri Keuangan Sri Mulyani mengungkapkan pemerintah telah mengalokasikan Rp2035 triliun untuk penanganan ruas jalan nasional dan jalan daerah baik tol maupun non tol  Sri Mulyani menyebut alokasi terbesar anggaran pembangunan dan penanganan jalan yaitu untuk pulau Sumat httpstcolQDdZUvH87,menteri uang sri mulyani perintah alokasi rupiah triliun tangan ruas jalan nasional jalan daerah tol non tol sri mulyani sebut alokasi besar anggar bangun tangan jalan pulau sumat
beautydyah Pemerintah Kota Medan beli 5 kak,beautydyah perintah kota medan beli kak
Pemerintah Kota Medan membeli mobil listrik merk Hyundai IONIQ 5 sebanyak 10 unit Mobil itu diperuntukan untuk jajaran forum komunikasi pimpinan daerah Forkopimda Kota Medan httpstcoJJiPjvhRN0,perintah kota medan beli mobil listrik merk hyundai ioniq unit mobil untuk jajar forum komunikasi pimpin daerah forkopimda kota medan
Pemerintah Kota Medan membeli mobil listrik merk Hyundai IONIQ 5 sebanyak 10 unit Mobil itu diperuntukan untuk jajaran forum komunikasi pimpinan daerah Forkopimda Kota Medan httpstcoDmQnmL6J40,perintah kota medan beli mobil listrik merk hyundai ioniq unit mobil untuk jajar forum komunikasi pimpin daerah forkopimda kota medan
Kawasan Danau Toba dikelola oleh Badan Otorita dari pemerintah pusat bukan RahmayadiEdy   Medan saja ga sanggup dia urus apalagi Toba,kawasan danau toba kelola badan otorita perintah pusat rahmayadiedy medan sanggup urus toba
Pemerintah Kota Pemkot Medan membeli mobil listrik untuk kendaraan dinas sebanyak 10 unit Mobil listrik tersebut dibeli untuk jajaran forum komunikasi pimpinan daerah Forkopimda Kota Medan httpstcot4tK2ur9ck,perintah kota perintah kota medan beli mobil listrik kendara dinas unit mobil listrik beli jajar forum komunikasi pimpin daerah forkopimda kota medan
Kementerian Lembaga Pemerintah Daerah  sektor swasta akademisi pers komunitas dan seluruh elemen bangsa  saling bahumembahu berkolaborasi menerapkan nilainilai persatuan juga  kesatuan dalam mewujudkan kebangkitan bangsa kita dari,menteri lembaga perintah daerah sektor swasta akademisi pers komunitas elemen bangsa bahumembahu kolaborasi terap nilainilai satu satu wujud bangkit bangsa
widhi yunartowijaya jokowi erickthohir KemenBUMN Belum lagi kalau memperhitungan medan daerah di luar jawa yang selama ini belum pernah disentuh oleh pemerintah pusat sebelum jaman Jokowi Secara fair haruslah dilihat juga kenyataanya,widhi yunartowijaya jokowi erickthohir kemenbumn hitung medan daerah jawa sentuh perintah pusat jaman jokowi fair kenyataanya
fajarnugros Iya ya mgkn disengaja pemerintah dulu supaya menginspirasi perempuan bhwa berjuang itu gak mesti turun ke medan perang tapi bisa dgn gagasan tapi jadi kasian sm pahlawan perempuan lainnya deh,fajarnugros iya ya sengaja perintah inspirasi perempuan bhwa juang mesti turun medan perang gagas kasihan pahlawan perempuan deh
LBH Medan Ali Nafiah juga menegaskan adapun backing yang dimaksud adalah dari oknum aparat penegak hukum APH Pemerintah setempat atau dari pihak terkait lainnya  httpstco5ENEUD37Ge,medan ali nafiah backing oknum aparat tegak hukum aph perintah kait
Kalah Medan Pemerintah Dianggap Tak Mampu Bebaskan Pilot Susi Air httpstcoKrmDM6Gomx,kalah medan perintah anggap bebas pilot sus air
kegiatan Upacara tersebut  Upacara Peringatan Hari Kebangkitan Nasional ke  115 dilaksanakan di halaman kantor Rupbasan Kelas I Medan Dalam kegiatan tersebut seluruh pegawai memakai pakaian KORPRI sesuai dengan aturan pemerintah,giat upacara upacara ingat bangkit nasional laksana halaman kantor rupbasan kelas i medan giat pegawai pakai pakai korpri sesuai atur perintah
tengkorakmaut DivHumasPolri CCICPolri jokowi YaqutCQoumas tipe pemerintah kita itu kejadian parah dlu baru ditangani brodlu kjadian aceh singkilpihak minoritas melawan sampe blokir perbatasan aceh medanbaru pemerintah kalang kabutfkub kaburklo di film2 polisi indiaselalu datang terlambat,tengkorakmaut divhumaspolri ccicpolri jokowi yaqutcqoumas tipe perintah jadi parah tangan brodlu jadi aceh singkilpihak minoritas lawan blokir batas aceh medanbaru perintah kalang kabutfkub kaburklo film polisi indiaselalu lambat
WendyCiledug Oalah bang zan jangan kan besi pager rumah di medan besi proyek pemerintah pun diambil buat dijual terus dibelikan sabu wkwkwk,wendyciledug oalah bang zan besi pagar rumah medan besi proyek perintah ambil jual beli sabu wkwkwk
Pemerintah Indonesia ingin mendorong dan memacu lebih banyak kaum perempuan untuk memanfaatkan sistem KI sebagai pelindung dan pemberi nilai tambah untuk keberlangsungan siklus kehidupan dalam berkreasi dan berinovasi  Kekayaan Intelektual untuk Perempuan Indonesia httpstcogIAsbdaGyY,perintah indonesia dorong pacu kaum perempuan manfaat sistem ki lindung beri nilai langsung siklus hidup kreasi inovasi kaya intelektual perempuan indonesia
SobatKursus lewat bantuan pemerintah Program Pendidikan Kecakapan Wirausaha PKW anak usia 15 sampai 25 tahun yang tidak sekolah ATS dan tidak bekerja di kota Medan dapat mengembangkan minat dan mengasah bakat mereka httpstconQJBVBixPg,sobatkursus bantu perintah program didik cakap wirausaha pkw anak usia sekolah kota medan kembang minat asah bakat
1 Keloy sudah tumbang ditangan Ancika 2 Cathy menyerah terhadap Adel yang semakin kokoh ditengah medan pertempuran 3 Cepiow terdesak ci Shani yang dibantu pemerintah setempat 4 Indira vs Everybody jadi pertempuran paling seru minggu ini,keloy tumbang tang ancika cathy serah adel kokoh tengah medan tempur cepiow desak ci shani bantu perintah indira vs orang tempur seru minggu
Rabu 1705 Hari kedua KPP Pratama Medan Petisah melaksanakan Bimtek EBupot Unifikasi Instansi Pemerintah yang dihadiri oleh bendahara instansi pemerintah vertikal di wilayah kerja KPP Pratama Medan Petisah httpstcoSFI2Z3j7QB,rabu kpp pratama medan petisah laksana bimtek ebupot unifikasi instansi perintah hadir bendahara instansi perintah vertikal wilayah kerja kpp pratama medan petisah
Selasa 1605 Hari pertama KPP Pratama Medan Petisah melaksanakan Bimtek EBupot Unifikasi Instansi Pemerintah yang dihadiri oleh bendahara instansi pemerintah vertikal di wilayah kerja KPP Pratama Medan Petisah httpstcoZ3NR5BWU2a,selasa kpp pratama medan petisah laksana bimtek ebupot unifikasi instansi perintah hadir bendahara instansi perintah vertikal wilayah kerja kpp pratama medan petisah
Hai KawanPajak Instansi Pemerintah yang berada di wilayah kerja KPP Pratama Medan Petisah jangan lupa untuk hadir dan bergabung dalam acara kelas pajak yang diselenggarakan pada tanggal  1617232425 Mei 2023 di aula Lt 6 KPP Pratama Medan Petisah httpstco58RMoyaMfi,hai kawanpajak instansi perintah wilayah kerja kpp pratama medan petisah lupa hadir gabung acara kelas pajak selenggara tanggal mei aula lantai kpp pratama medan petisah
marysilvita Memang kalau sekolah asing bisa berbuat semena mena di negri initutup aja sekolahnya sistpemerintah kota medan dan propinsi melempem,marysilvita sekolah asing buat semena mena negeri initutup sekolah sistpemerintah kota medan propinsi melempem
Telur Ayam di Kota Medan Meroket Pedagang Minta Pemerintah Kendalikan Harga httpstcoo3RQcJF5VB medan pemkomedan  parboaboa telurayam  medan  daerah  pedagang  pemkomedan  beritasumut,telur ayam kota medan roket dagang perintah kendali harga medan pemkomedan parboaboa telurayam medan daerah dagang pemkomedan beritasumut
KPP Pratama Medan Petisah melaksanakan Bimtek EBupot Unifikasi Instansi Pemerintah yang dihadiri oleh bendahara instansi pemerintah vertikal di wilayah kerja KPP Pratama Medan Petisah Rabu 175 httpstcoL6hkYaI55l,kpp pratama medan petisah laksana bimtek ebupot unifikasi instansi perintah hadir bendahara instansi perintah vertikal wilayah kerja kpp pratama medan petisah rabu
Pemerintah Kota Pemkot Medan membeli mobil listrik untuk kendaraan dinas Mobil listrik tersebut dibeli untuk jajaran forum komunikasi pimpinan daerah Forkopimda Kota Medan  Selengkapnya httpstcoLKapDE2yag httpstcooOzvFRQ7lC,perintah kota perintah kota medan beli mobil listrik kendara dinas mobil listrik beli jajar forum komunikasi pimpin daerah forkopimda kota medan lengkap
Pelatihan yang dilaksanakan pada awal Mei ini tidak terlepas dari peran LPHD Pemerintah Desa dan para pihak dari Desa Tanjung Medan dan Sepakat Jaya sebagai peserta juga P3PD Kab Ketapang sebagai fasilitator httpstco2limqi0QwN,latih laksana mei lepas peran lphd perintah desa desa tanjung medan sepakat jaya serta ppd kab ketapang fasilitator
irfannir faridgaban Ga perlu dijelaskan toh pembenci pemerintah akan selamanya benci dijelaskan juga denial jd percuma Dikiranya pemerintah diam aja gitu liat daerah yg belum teraliri listrik Klo objective liat dulu kenapa daerah itu ga ada listrik bisa jadi krn sulitnya medan yg dilalui,irfannir faridgaban benci perintah benci denial kira perintah diam lihat daerah alir listrik objective lihat daerah listrik sulit medan
Akal sehat mmg tdk bisa dikalahkan Walau selalu ada yg memanipulasi utk kepentingan tertentu tapi akal sehat selalu survive Bahkan di zona IQ lt 100 yg merupakan medan berat bagi akal sehat  Moeldoko Pemerintah Evaluasi Subsidi Kendaraan Listrik httpstcotw1PjzmwbY,akal sehat kalah manipulasi penting akal sehat survive zona iq lantai medan berat akal sehat moeldoko perintah evaluasi subsidi kendara listrik
Pemerintah Dorong Pengembangan Angkutan Massal di Medan httpstco9ooJ2KSO9M,perintah dorong kembang angkut massal medan
Opini  BAHAYA CEMARAN LIMBAH B3 MEDIS  DIMANA PERAN PEMERINTAH  Oleh  Dina Aprilya httpstcoPwXJZiGcyQ Aktivis Muslimah Medan  Limbah medis B3 merupakan sisa buangan akhir dari hasil kegiatan di fasilitas pelayanan kesehatan  Selengkapnya di httpstcotbtu9Llz4K httpstcoMtcqNCH4aB,opini bahaya cemar limbah bb medis mana peran perintah dina aprilya aktivis muslimah medan limbah medis bb sisa buang hasil giat fasilitas layan sehat lengkap
Kepala  BNNK Tapanuli Selatan Hendro Wibowo SIP MM httpstcoLOD5xdTl5s melaksanakan Rapat Koordinasi Pengembangan dan Pembinaan KotaKab Tanggap Ancaman Narkoba di Instansi Pemerintah yang bertempat di Alam HotelMedan  WarOnDrugs speedupneverletup bnnktapsel httpstcoGz71BJvOD6,kepala bnnk tapanuli selatan hendro wibowo sip mm laksana rapat koordinasi kembang bina kotakab tanggap ancam narkoba instansi perintah tempat alam hotelmedan warondrugs speedupneverletup bnnktapsel
Jalur ekstrim di jalan Lintas Sumatera dari Medan menuju Tapanuli Selatan Via Tarutung tepatnya di Tanjakan Batu Jomba yang sampai saat ini belum bisa diatasi dengan baik oleh Pemerintah httpstco4aohqmYKYv,jalur ekstrim jalan lintas sumatera medan tapanuli selatan via tarutung tepat tanjak batu jomba atas perintah
Menurut Diga pemerintah sedang membangun opini seolaholah Pemerintah Kota Medan saat ini sangat profesional Gagalnya bukan cuma di proyek pemilihan penanggungjawab proyek juga httpstcoPH5jH9fjMj,diga perintah bangun opini seolaholah perintah kota medan profesional gagal proyek pilih penanggungjawab proyek
Pemerintah melalui Kementerian Perhubungan terus mendorong pengembangan angkutan massal perkotaan di Medan Salah satunya yaitu pengoperasian kereta dari Bandara Internasional Kualanamu yang diperpanjang hingga ke Stasiun Binjai Menteri Perhubungan httpstcoPRkNUgZ3JC,perintah menteri hubung dorong kembang angkut massal kota medan salah satu operasi kereta bandara internasional kualanamu panjang stasiun binjai menteri hubung
bagian umum dan kepegawaian Rupbasan Kelas I Medan Selasa 16052023  Dalam kesulitannnya pihak Subbag Kepegawaian Tata Usaha dan Rumah Tangga Kanwil Kemenkumham Sumut menyampaikan setiap Instansi Pemerintah wajib menyusun kebutuhan jumlah dan jenis jabatan berdasarkan,pegawai rupbasan kelas i medan selasa kesulitannnya subbag pegawai tata usaha rumah tangga kanwil menteri hukum hak asasi manusia sumut instansi perintah wajib susun butuh jenis jabat dasar
Medan yang sulit tidak membuat pemerintah pesimis hadapi KSTP  Papua PapuaIndonesia PapuaBarat PapuaDamai PapuaMaju OtsusPapua PapuaAdalahKita DOBPapua OtonomiPapua Deklarasi PemekaranPapua PYCH KKBMeresahkanTanahPapua IndonesiaMaju httpstco6Zc4QR3euV,medan sulit perintah pesimis hadap kstp papua papuaindonesia papuabarat papuadamai papuamaju otsuspapua papuaadalahkita dobpapua otonomipapua deklarasi pemekaranpapua pych kkbmeresahkantanahpapua indonesiamaju
CNNIndonesia Tanyakan kepada TNI  Gentarkah mereka menemukan Medan seperti itu Yang jadi penghalang adalah tangan tangan orang kuat yang melindungi mereka itu yang harus di singkirkan pemerintah TNI gak sanggup,cnnindonesia tni gentar temu medan halang tangan tangan orang kuat lindung singkir perintah tni sanggup
Bank Sumut berkolaborasi dengan Pemerintah Kota Medan meluncurkan kartu ATM berlogo khusus Medan Berkah di Gedung MICC Jalan Gagak Hitam No 1 Medan Rabu 10 Mei 2023 httpstcof4AgJse1ZQ,bank sumut kolaborasi perintah kota medan luncur kartu atm logo khusus medan berkah gedung micc jalan gagak hitam nomor medan rabu mei
Bukan hanya itu kontraktor juga diminta untuk membongkar sejumlah unit lampu yang telah terpasang   Sebab menurut Bobby proyek lampu jalan ini belum diserahkan sepenuhnya kepada Pemerintah Kota Medan,kontraktor bongkar unit lampu pasang bobby proyek lampu jalan serah sepenuh perintah kota medan
Bukan hanya itu kontraktor juga diminta untuk membongkar sejumlah unit lampu yang telah terpasang Sebab menurut Bobby proyek lampu jalan ini belum diserahkan sepenuhnya kepada Pemerintah Kota Medan,kontraktor bongkar unit lampu pasang bobby proyek lampu jalan serah sepenuh perintah kota medan
Menantu Presiden Joko Widodo itu pun meminta kepada kontraktor proyek itu mengembalikan uang dana Rp 21 miliar yang dianggarkan oleh Pemerintah Kota Medan,menantu presiden joko widodo kontraktor proyek kembali uang dana rupiah miliar anggar perintah kota medan
Sambil ngecek pesawat 2 bocil dari Medan iseng ngecek pesawat dr LBJAda pesawat tak berkode Berarti pesawat pemerintah atau angkut orang ngapenting httpstcocdwjftQW5F,ecek pesawat bocil medan iseng ecek pesawat lbjada pesawat kode pesawat perintah angkut orang ngapenting
Pemerintah India melalui Konsulat Jenderal India di Medan menawarkan program ecotourism ke SumutConsul Generals Desk Shri Shubham Singh menyampaikan program kerja sama dlm bidang ekonomiecotourism penanaman mangrovekeamanan teknologi investigasiperdaganan dan juga lainnya httpstcoe0z6CfLLXG,perintah india konsulat jenderal india medan tawar program ecotourism sumutconsul generals desk shri shubham singh program kerja bidang ekonomiecotourism tanam mangrovekeamanan teknologi investigasiperdaganan
GAWAT Institusi negara diduga dimanfaatkan oknum untuk bungkam netizen yang bongkar borok pemerintah  Medan Insider httpstcoVFCIK3Un30,gawat institusi negara duga manfaat oknum bungkam netizen bongkar borok perintah medan insider
Monash University tandatangani MoU dengan pemerintah Jawa Barat berkaitan dengan sungai Citarum  Medan Insider httpstcoJ07XeSkTEG,monash university tandatangani mou perintah jawa barat kait sungai citarum medan insider
Pemerintah Kota Medan akan membentuk tim khusus atau Ad Hoc terkait gagalnya proyek lampu pocong Rp 25 miliar newsupdate update news text httpstcoYAJR0GV2e0,perintah kota medan bentuk tim khusus hoc kait gagal proyek lampu pocong rupiah miliar newsupdate update berita text
Bapas Medan Kanwil Kemenkumham Sumut Bangun Koordinasi Dengan Pemerintah Kota Medan Terkait Pembangunan Griya Abhipraya httpstcoTXMgeEuli3,bapas medan kanwil menteri hukum hak asasi manusia sumut bangun koordinasi perintah kota medan kait bangun griya abhipraya
Asosiasi Penyelenggara Jaringan Telekomunikasi Apjatel mendukung penataan ulang kabel udara oleh pemerintah daerah di sejumlah kota besar di Indonesia seperti Jakarta Bandung dan Medan Menurut mereka langkah ini merupakan keniscayaan dan bagian httpstcocMvWTZcH6N,asosiasi selenggara jaring telekomunikasi apjatel dukung tata ulang kabel udara perintah daerah kota indonesia jakarta bandung medan langkah niscaya
recehtapisayng keinget berita tahun 2021 ada ibu2 susah nyari vaksin rabies buat anaknya yang habis digigit anjing yang bikin heran kejadiannya di Medan dan di RS Pemerintah H Adam Malik gaada dong vaksinnya kalo vaksin gaada di Ibukota Provinsi trus apa kabar di kota lain httpstcoiZpSfFOwtE,recehtapisayng berita susah nyari vaksin rabies anak habis gigit anjing bikin heran jadi medan rs perintah h adam malik vaksin vaksin ibukota provinsi kabar kota
Rupbasan Kelas I Medan   Alih Media Arsip Vital dan Permanen Kanwil Sumut Dukung Sistem Pemerintah Berbasis Elektronik  Perkembangan ilmu pengetahuan di bidang Teknologi lnformasi dan Komunikasi TIK memberikan pengaruh yang cukup besar dalam kegiatan organisasi khususnya httpstcoZrsL1SVO9b,rupbasan kelas i medan alih media arsip vital permanen kanwil sumut dukung sistem perintah bas elektronik kembang ilmu tahu bidang teknologi lnformasi komunikasi tik pengaruh giat organisasi
Labuan Bajo Kian Cantik dicanangkan sebagai Bali baru Erick Thohirini kolaborasi Pemerintah Pusat dan Daerah  Medan Insider httpstcoRIdaibK9ud,labu bajo kian cantik canang bal erick thohirini kolaborasi perintah pusat daerah medan insider
dhemitisback Amin mas semoga massoalnya kasihan wargamedan ekstrim dan kurangnya perhatian pemerintah pusat dan informasi,dhemitisback amin mas moga massoalnya kasihan wargamedan ekstrim kurang perhati perintah pusat informasi
c0mbra1n sosmedkeras jangankan di Medan bahkan ada di suatu daerah masih Indonesia juga waktu gue kunjungan kerjaan pas malem bener2 gelap bgt diceritain org sananya trnyata lampu jalannya dimaling semua  udh dipasang lagi tetep aja ilang jadi kayaknya pemerintah sananya nyerah ,cmbran sosmedkeras medan daerah indonesia kunjung kerja pas malam bener gelap banget diceritain orang sana lampu jalan maling pasang hilang kayak perintah sana nyerah
Terkait dengan Pengaduan Guru Honorer yang diangkat sebagai Pegawai Pemerintah dengan Perjanjian Kerja PPPK Komisi 2 DPRD Kota Medan melaksanakan Rapat Dengar Pendapat RDP dengan OPD terkait Senin 08052022 httpstcoyIAC69obV8,kait adu guru honorer angkat pegawai perintah janji kerja pppk komisi dprd kota medan laksana rapat dengar dapat rdp opd kait senin
BPPP Medan melakukan koordinasi kerja sama dengan pemerintah jepang melalui Japan International Cooperation Agency JICA httpstcoAc06b8ml3c,bppp medan koordinasi kerja perintah jepang jepang international cooperation wakil jica
Klik link nya baca ulasannya jadi lebih paham medan perjuangan nya sudah dinamis Tp dari 2 anak muda jaman now kami belajar bgmn sosmed bisa membuat pemerintah ketar ketir dan ajang untuk unjuk kebaikan buat naikin nama d tahun depan hahaha Lampung mariodandy,klik taut nya baca ulas paham medan juang nya dinamis anak muda jaman ajar sosmed perintah ketar tir ajang unjuk baik naikin nama d hahaha lampung mariodandy
hendrajohno78 PartaiSocmed susipudjiastuti Pemerintah bukan abai Tetapi KkB ini kelihatannya sangat menguasai medan Maka aparat sulit mengatasi mereka,hendrajohno partaisocmed susipudjiastuti perintah abai kkb kuasa medan aparat sulit atas
Paltiwest Harusnya pemerintah punya mobil dinas khusus medan berat seperti Humvee Tank atau Mobil Offroad,paltiwest perintah mobil dinas khusus medan berat humvee tank mobil offroad
gajinya sudah amat dikurangi karena pemerintah melakukan pengetatan budget amp  emang privelege nya disunat gilagilaan i dont give a fuck about it just do my best amp  beast di tengah kekacauan medan tempur utara Jakarta ini well,gaji rang perintah ketat budget amp emang privelege nya sunat gilagilaan i give a fuck about it just do my best amp beast kacau medan tempur utara jakarta well
LAPAS PEREMPUAN MEDAN IKUTI PENDAMPINGAN PENYELENGGARAN SPIP SISTEM PENGENDALIAN INSTANSI PEMERINTAH TERINTEGRASI httpstcohVzN4WhJxZ,lapas perempuan medan ikut damping penyelenggaran spip sistem kendali instansi perintah integrasi
Bupati Deli Serdang H Ashari Tambunan ketika menghadiri acara Halal Bi Halal Bulan Syawal 1444 Hijriyah Pemerintah Kabupaten Pemkab Deli Serdang di Convention Hall Jalan MedanLubuk Pakam Kelurahan Petapahan Kecamatan Lubuk Pakam Selasa 252023 httpstcoIbHGhj001Z httpstco2yh8QNvNfE,bupati deli serdang h ashari tambun hadir acara halal bi halal syawal hijriyah perintah kabupaten pemkab deli serdang konvensi hall jalan medanlubuk pakam lurah petapahan camat lubuk pakam selasa
Apa yang dimaksud dengan kekayaan intelektual Dan Apa yang diperoleh setiap orang melalui kekayaan intelektual ini Pak  Simak Pembahasan lengkapnya dalam Smart FM Radiotalk dengan Tema   Peran Pemerintah dalam Inventarisasi Kekayaan Intelektual Komunal  Live On Air di C httpstcoMzKeMWPy9r,kaya intelektual oleh orang kaya intelektual simak bahas lengkap smart fm radiotalk tema peran perintah inventarisasi kaya intelektual komunal live on air c
loostblues tolong yah pemerintah medan untuk segera diurus surat dilarang menginjakkan kaki di tanah medan kepada kk magu dengan uname loostblues enih,loostblues tolong yah perintah medan urus surat larang injak kaki tanah medan kk magu uname loostblues enih
tapi ini harusnya jadi regulasi pemerintah juga mengingat jalur di daerah banyak yang begini harus ada standarisasi tenagatorsi secara umum supaya semua mobil bisa masuk kesegala medan meski ada aja sih gue liat mobil citycar kayak brio pas ke ciletuh,regulasi perintah jalur daerah standar tenagatorsi mobil masuk segala medan sih lihat mobil citycar brio pas ciletuh
AdeSudr90969850 ganjarpranowo Inilah para korban asal perusahaannya di Jawa tengah asal korbanya  BanyuwangiSurabaya Lampung Medan Bengkulu Riau  Tegal PemalangkebumenCirebon Bandung Sumedang BIMA Ambon Brebes Aceh perbatasan timur Leste saya tampung karena tidak ada pemerintah yang perduli httpstcooyvglwsa1T,adesudr ganjarpranowo korban usaha jawa korbanya banyuwangisurabaya lampung medan bengkulu riau tegal pemalangkebumencirebon bandung sumedang bima ambon brebes aceh batas timur leste tampung perintah peduli
Pemerintah Kota Medan Meraih Penghargaan Kategori Pemerintah Daerah Berkinerja Tertinggi Secara Nasional Oleh Kementerian Dalam Negeri Republik Indonesia  Berdasarkan Hasil Evaluasi Penyelenggaraan Pemerintah Daerah EPPD Tahun 2022  KolaborasiMedanBerkah MedanBerkah httpstcoxmcFxL5kbt,perintah kota medan raih harga kategori perintah daerah kerja tinggi nasional menteri negeri republik indonesia dasar hasil evaluasi selenggara perintah daerah eppd kolaborasimedanberkah medanberkah
Pemerintah Kota Medan Meraih Penghargaan Kategori Pemerintah Daerah Berkinerja Tertinggi Secara Nasional Oleh Kementerian Dalam Negeri Republik Indonesia  Berdasarkan Hasil Evaluasi Penyelenggaraan Pemerintah Daerah EPPD Tahun 2022 httpstcor4xDKJXr6Q,perintah kota medan raih harga kategori perintah daerah kerja tinggi nasional menteri negeri republik indonesia dasar hasil evaluasi selenggara perintah daerah eppd
Penganiayaan Aditya terhadap Ken Admiral di Medan disoroti Menko Polhukam Mahfud Md Pemerintah dan Polri tidak tinggal diam katanya httpstcoI7lkJl1xxV,aniaya aditya ken admiral medan sorot menko polhukam mahfud md perintah polri tinggal diam
fazhrp pajak di medan artinya apa trus klo program pemerintah laporan pajak di sana disebutnya gmn,fazhrp pajak medan program perintah lapor pajak sebut
CNNIndonesia AKBP Achiruddin Hasibuan diduga melakukan penimbunan BBM secara ilegal di gudang miliknya di Kota Medan Penimbunan BBM adalah perbuatan menyimpan BBM dalam jumlah besar tanpa izin dari pemerintah sebagaimana diatur dalam Pasal 53 UU No 22 Tahun 2001 tentang Minyak dan Gas Bumi,cnnindonesia akbp achiruddin hasibuan duga timbun bbm ilegal gudang milik kota medan timbun bbm buat simpan bbm izin perintah atur pasal uu nomor minyak gas bumi
Jalan rusak di Babel paling sedikit seIndonesia Pemerintah Provinsi Kepulauan BangkaBelitung httpstcortejnBKeQq,jalan rusak babel indonesia perintah provinsi pulau bangkabelitung
Toh pada akhirnya pemerintah berhasil bikin senjata yg musnahin semua alien2nya dalam waktu beberapa minggu aja Like kenapa ngembangin senjatanya gak dari lama Kenapa ketika udah banyak anak2 gugur di medan perang Ini yg lebih bikin kesel,perintah hasil bikin senjata musnahin aliennya minggu like ngembangin senjata anak gugur medan perang bikin kesel
Saya tetap memposting bukti kejahatan kemanusiaan yang di lakukan oknum polisi polda sumut sampai ada perhatian pemerintah dan komnas ham Surat keberatan istri terhadap putusan pn medan udah dikirim mulai dari PRESIDEN RI KOMNAS HAM KOMISIYUDISIAL RI Makamah agun samp PNMEDAN httpstcoC94mdkYMgZ,memposting bukti jahat manusia laku oknum polisi polda sumut perhati perintah komisi nasional ham surat berat istri putus pn medan kirim presiden ri komisi nasional ham komisiyudisial ri makamah agun samp pnmedan
aksaraputra52 sutardooo TxtdariHI Saat membuat kereta cepat pemerintah membuat rel baru yang makan banyak biaya karena memang spesifikasi yang dibutuhkan sangatlah baru Medan di bandung pun juga tidak mendukung untuk membuat rute yang murah karena perbedaan ketinggian yang ekstrim dan memaksa  untuk tunneling,aksaraputra sutardooo txtdarihi kereta cepat perintah rel makan biaya spesifikasi butuh medan bandung dukung rute murah beda tinggi ekstrim paksa tunneling
Satu unit bus yang digunakan dalam program mudik gratis oleh Pemerintah Kota Medan mengalami kecelakaan di Tapanuli Tengah Wali Kota Medan Bobby Nasution pun buka suara  Via detiksumut  httpstcoPd5NC9wdKL,unit bus program mudik gratis perintah kota medan alami celaka tapanuli wali kota medan bobby nasution buka suara via detiksumut
heruhasnul BennyHarmanID Nyatanya pemerintah tidak berani adakan pilkada seperti di solo dan medan takut Pak Anies menang,heruhasnul bennyharmanid perintah berani adakan pilkada solo medan takut anies menang
Bus yang mengangkut rombongan mudik gratis Pemerintah Kota Medan Sumatera Utara masuk ke jurang saat melintas di Desa Rampa Kecamatan Sitahuis Kab httpstcovMkNyhx7m1,bus angkut rombong mudik gratis perintah kota medan sumatera utara masuk jurang lintas desa rampa camat sitahuis kab
Pemerintah Kota Medan Mengucapkan Selamat Hari Raya Idul Fitri 1444 H2023 M  Minal Aidin Walfaizin Mohon Maaf Lahir Batin httpstcoUXYD7pQ4v1,perintah kota medan selamat raya idul fitri h m mal aidin walfaizin mohon maaf lahir batin
Pemerintah Kota Medan Mengucapkan Selamat Idulfitri 1444 H  2023 M  Minal Aidin Wal Faizin  Mohon Maaf Lahir dan Batin  KolaborasiMedanBerkah MedanBerkah SalamKolaborasi httpstcos1NgNm90l3,perintah kota medan selamat idulfitri h m mal aidin wal faizin mohon maaf lahir batin kolaborasimedanberkah medanberkah salamkolaborasi
Bus mudik gratis Pemerintah Kota Medan Sumatera Utara masuk ke jurang di Desa Rampa Kecamatan Sitahuis Kabupaten Tapanuli Tengah Tapteng httpstcoTc6pqU7LbB,bus mudik gratis perintah kota medan sumatera utara masuk jurang desa rampa camat sitahuis kabupaten tapanuli tapteng
Pemerintah melalui Kementerian Agama Republik Indonesia Kemenag RI secara resmi telah menetapkan Idulfitri 1444 Hijriah jatuh pada Sabtu 22 April 2023  Penetapan ini merupakan hasil keputusan Sidang Isbat yang diadakan Kemenag RI setelah mempertimbangkan hasil hisab dan  httpstcoXg5jmQFtNd,perintah menteri agama republik indonesia kemenag ri resmi tetap idulfitri hijriah jatuh sabtu april tetap hasil putus sidang isbat ada kemenag ri timbang hasil hisab
Malam Takbiran amp  Pawai Mobil Hias Pemerintah Kota Medan    21 April 2023 M  30 Ramadan 1444 H  1930 WIB sd selesai  Lapangan Merdeka Medan Sekitaran Kantor Camat Medan Marelan  KolaborasiMedanBerkah MedanBerkah SalamKolaborasi httpstcoOES9CG7jRu,malam takbir amp pawai mobil hias perintah kota medan april m ramadan h wib sd selesai lapang merdeka medan sekitar kantor camat medan marelan kolaborasimedanberkah medanberkah salamkolaborasi
SahLeoSin Ada 12 ruas tol baru yg dibuka gratis utk arus mudik dan arus balik oleh pemerintah RI Dan salah satunya itu medan tebing parapat Coba tanya Sirait ini dmna kampungnya mana tau dia ikut menikmati jalur tol gratis yg disediakan pemerintah pda lebaran ini,sahleosin ruas tol buka gratis arus mudik arus perintah ri salah satu medan tebing parapat coba sirait mana kampung tau nikmat jalur tol gratis sedia perintah lebaran
Dilanjutkan oleh pemerintah Amerika Serikat yang gagal dalam menyelamatkan POW atau tawanan perang di Vietnam membuat Rambo harus bertindak demi menyelamatkan rekan sesama tentara yang masih tertinggal di medan pertempuran Makanya mimin heran pernah kah kamu menonton Rambo httpstcoyNeYJq4emv,lanjut perintah amerika serikat gagal selamat pow tawan perang vietnam rambo tindak selamat rekan tentara tinggal medan tempur mimin heran kah tonton rambo
kompascom Setuju semoga aja yang di utus Mr LBP dari pemerintah Indonesia pingin tahu skill beliau seperti apa kalau mantan Jenderal ini bernegoisasi di medan tempur,kompascom tuju moga utus mr lbp perintah indonesia skill beliau mantan jenderal bernegoisasi medan tempur
langitan99 Pemerintah ga niat kirim org ini ke Medan tempur di Papua Biar dia pilih mau dipihak siapa,langit perintah niat kirim orang medan tempur papua biar pilih pihak
ferdinandmpu Ngga pernah rasain ikut medan operasi sok paling hebat kritik pemerintahhaddeuh,ferdinandmpu rasain medan operasi sok hebat kritik pemerintahhaddeuh
netizen yg domisili diluar Pulau Jawa  mgkn nalarnya cetek seandainya benar jaminan APBN mk kupastikan aku org pertama yg memaki pemerintah krn Indonesia bkn  Pulau Jawa bkn hny JKTBDG aku warga Medan dikutip pajaknya utk bangun kereta api cepat JKTBDG cari solusi lainlah httpstcoPHv7ruOITD,netizen domisili luar pulau jawa nalar cetek anda jamin apbn mk pasti orang maki perintah indonesia pulau jawa jktbdg warga medan kutip pajak bangun kereta api cepat jktbdg cari solusi lain
Pemerintah Provinsi Pemprov DKI Jakarta akan menggelar Salat Idulfitri 1444 Hijriah di Masjid Fatahillah Balai Kota DKI Jalan Medan Merdeka Selatan Gambir Jakarta Pusat  BacadiBJ Beritajakarta dkijakarta JAKI WeLoveJakarta  httpstcofzfxN3p8km,perintah provinsi perintah provinsi dki jakarta gelar salat idulfitri hijriah masjid fatahillah balai kota dki jalan medan merdeka selatan gambir jakarta pusat bacadibj beritajakarta dkijakarta jaki welovejakarta
tvOneNews Semoga amal ibadah TNIPOLRI yg gugur di medan papua di terima disisi allah swt Untuk pemerintah hrus ambil sikaf tegas kpda KKB krna sudh melampaui bats selesaikan cept lugas dan tept jgn biarkan korban2 lain nya trus bertmbh trhdp TNI kita,tvonenews moga amal ibadah tnipolri gugur medan papua terima sisi allah subhanahu wata ala perintah ambil sikaf kpda kkb sudh lampau bats selesai cept lugas tept biar korban nya bertmbh trhdp tni
petitestardust 50 lebih dipengaruhi kebijakan pemerintah ya kalo begitu mungkin aja medan masuk soalnya sumut itu termasuk tinggi toleransi antar masyarakatnya,petitestardust pengaruh bijak perintah ya medan masuk sumut toleransi masyarakat
Jd sebenarnya sinergi antara masyarakat dan pemerintah haruslah solid Masyarakat mendukung kegiatan dan program pemerintah yg dirasa sesuai dengan maksud dan tujuan untuk kemajuan kota Medan Dan aktif dalam menyampaikan aspirasi dan jg memberikan ide positif,sinergi masyarakat perintah solid masyarakat dukung giat program perintah rasa sesuai maksud tuju maju kota medan aktif aspirasi ide positif
viraieo aitneserk pn7l7h Sebelum pemerintahan yg skrg sbg warga Medan mbak Vira melihat ada perubahan apa Masalah jangka waktu biasanya pemerintah harus menghabiskan anggaran jika tidak maka ada indikasi anggaran tahun depan akan dikurangi karna anggaran tahun ini dirasa sudah cukup,viraieo aitneserk pnlh perintah warga medan mbak vira ubah jangka perintah habis anggar indikasi anggar rang anggar rasa
aldinalsya Sebenarnya bukan tni yg lemahtapi sikap pemerintah pusat ambigu dan jendral tni yg kurang proaktif tentang srategimassa satgas yg di kirim harus menguasai medan papua hanya 1 tahunseharunsya satgas yg di kirim di perbantukan dulu di korem yg aman jangan langsung di pos 1 one 1,aldinalsya tni lemahtapi sikap perintah pusat ambigu jendral tni proaktif srategimassa satgas kirim kuasa medan papua tahunseharunsya satgas kirim bantu korem aman langsung pos one
Gandawan Teroris KKB paham Medan pertempuran di Papua makanya pemerintah pusat jangan lembek dengan propaganda teroris KKB hiraukan ham baru TNI menang,gandawan teroris kkb paham medan tempur papua perintah pusat lembek propaganda teroris kkb hirau ham tni menang
musniumar Ini karena pemerintah pusat lembek hadapi KKB teroris bila mau harus operasi militer khusus yang total bila tidak banyak anggota TNI yang gugur karena Medan pulau Papua alam nya sulit dan harus hiraukan ham,musniumar perintah pusat lembek hadap kkb teroris operasi militer khusus total anggota tni gugur medan pulau papua alam nya sulit hirau ham
tvOneNews Sebagai warga Medan gk recommended Istana Maimun malah gk peduli keknya pemerintah setempatpihak terkait dalam pemeliharaan Istana Maimun ini malu kadang bawa keluarga dari Jawa ke Istana Maimun gk nampak lagi esensi istana nya itu semoga ada perhatian lebih,tvonenews warga medan recommended istana maimun peduli kayak perintah setempatpihak kait pelihara istana maimun malu kadang bawa keluarga jawa istana maimun nampak esensi istana nya moga perhati
musniumar Hati2 dgn twit nya musni Walau anda pendukung anies amp  tdk suka dgn pemerintah jgn sampai ketidaksukaan anda merembet jd meremehkan TNI Menghadapi KKB Papua bkn spt menghadapi musuh spt umumnya Selain medan yg berat KKB Papua berkamuflase seolah2 rakyat biasa Ini yg susah,musniumar hati tweet nya musni dukung anies amp suka perintah ketidaksukaan rembet remeh tni hadap kkb papua hadap musuh medan berat kkb papua kamuflase rakyat susah
Kami tak pernah ragu amp  tak segan tembak mati di tempat siapa kapan amp  dimanapun anda berada Saya himbau ke warga bangsa yg tinggal di Negara Medan saya ini untuk tak terlibat dalam upaya tiap aksi pembelakangan amp  penghasutan terhadap Pemerintah yang sah Ok  anwaribrahim KJRM,ragu amp segan tembak mati amp mana himbau warga bangsa tinggal negara medan libat upaya aksi belakang amp hasut perintah sah ok anwaribrahim kjrm
Kami tak pernah ragu dan tak segan tembak mati di tempat siapa kapan dan dimanapun anda berada Saya himbau ke warga bangsa yang tinggal di Negara Medan saya ini untuk tak terlibat dalam upaya tiap aksi pembelakangan amp  penghasutan terhadap Pemerintah yang sah Oke jokowi KJRM,ragu segan tembak mati mana himbau warga bangsa tinggal negara medan libat upaya aksi belakang amp hasut perintah sah oke jokowi kjrm
gundala2221 Enak pemda hasil pilkada langsung ga bisa ditegur atau dipecat oleh pemerintah pusat Bikin PD U20 gagal saja pemerintah pusat cuma bisa diam Sungguh prestasi luar biasa dari pemda2 hasil pilkada langsung ada Jakarta Medan NTB Bali Jateng Riau Lampung dan mana lagi ya,gundala enak pemda hasil pilkada langsung tegur pecat perintah pusat bikin pd gagal perintah pusat diam sungguh prestasi pemda hasil pilkada langsung jakarta medan ntb bal jawa riau lampung ya
recehtapisayng Gara Bima mengkritik pemerintah pusat dan daerah provinsi Bandar Lampung ehh ga taunya jalanan yang dekat dengan rumah saya di Medan langsung diperbaiki oleh Pemkot Medan Bimaeffect,recehtapisayng gara bima kritik perintah pusat daerah provinsi bandar lampung ehh tau jalan rumah medan langsung baik perintah kota medan bimaeffect
PuspenTNI Sedih dengar amp  lihat berita korban dr tentara indonesia trs bagaimana tanggapan pemerintah dan menhan serta tindakan panglima serang mereka gunakan teknologi medan yg pegunungan bkn lg hambatan dgn teknologi 1996 kopassus berhasil evakuasi sandra hrs nya sekarang lbh bs,puspentni sedih dengar amp lihat berita korban tentara indonesia tanggap perintah menhan tindak panglima serang teknologi medan gunung hambat teknologi kopassus hasil evakuasi sandra nya
Program ini berlangsung sebagai wujud untuk menindaklanjuti CSR 100juta yang diberikan ke 7 kota pada saat acara Festival Mantap Indonesia dan mendukung Program Mudik Gratis Pemerintah Kota Medan 2023,program wujud menindaklanjuti csr juta kota acara festival mantap indonesia dukung program mudik gratis perintah kota medan
Bank Mandiri Taspen bekerja sama dengan Pemerintah Kota Medan mendukung program mudik gratis Bank Mandiri Taspen mendonasikan CSR 100juta dalam bentuk alat ibadah berupa 2000 sarung untuk peserta mudik httpstco1goK0b4qww,bank mandiri taspen perintah kota medan dukung program mudik gratis bank mandiri taspen donasi csr juta bentuk alat ibadah sarung serta mudik
Halo warga Kota Tebing Tinggi berita baik ni  Pemerintah Kota Tebing Tinggi bersama Perum Bulog Kantor Cabang Medan kembali melaksanakan PPH Yuk catat tanggalnya ya  kotatebingtinggi pemkotebingtinggi mediatebingtinggi infotebingtinggi httpstcoxBq0iJdkv7,halo warga kota tebing berita ni perintah kota tebing perum bulog kantor cabang medan laksana pph yuk catat tanggal ya kotatebingtinggi pemkotebingtinggi mediatebingtinggi infotebingtinggi
RandomWorldWar Pemerintah sekuler socialist Arab di bawah Gamal Abdul Nasser melawan negara yahudi israel Ketika perang tentara israel membawa Torah sementara di saku tentara Mesir terselip foto penyanyi dangdut Umi Kultsum Keyakinan dan semangat adalah penentu dlm medan perang yg mengerikan,randomworldwar perintah sekuler socialist arab gamal abdul nasser lawan negara yahudi israel perang tentara israel bawa torah saku tentara mesir selip foto nyanyi dangdut umi kultsum yakin semangat tentu medan perang keri
Seorang pejabat pemerintah harusnya mempersatukan warga bukan malah pecah belah warga Bahaya non pri apa Mereka sama aja dgn etnik lain yg nyatakan diri sebagai WNI Mohon ditegur Wawalikota Medan ini Walikota Medan Bang bobbynasution amp   Gubsu Bapak RahmayadiEdy,jabat perintah satu warga pecah belah warga bahaya non pri etnik nyata wni mohon tegur wawalikota medan walikota medan bang bobbynasution amp gubsu rahmayadiedy
LPKA Kelas I Medan Kanwil Kemenkumham Sumatera Utara Raih Sertifikat Izin Klinik dari Dinas  Penanaman Modal dan Pelayanan Terpadu Satu Pindu Pemerintah Kota Medan  kumhampasti ditjenpas lpkamedan ombudsman rbkunwas imamsuyudi19 asnberakhlak banggamelayanibangsa httpstcoFJchtAOBQq,lpka kelas i medan kanwil menteri hukum hak asasi manusia sumatera utara raih sertifikat izin klinik dinas tanam modal layan padu pindu perintah kota medan kumhampasti ditjenpas lpkamedan ombudsman rbkunwas imamsuyudi asnberakhlak banggamelayanibangsa
Beruntung orang medan kemaren2 itu pas presiden blusukan dibawa melewati jalanan yg berlobang2 dan presiden langsung negur pemerintah setempat besoknya langsung pada perbaikan jalan dan walkot medan pada waktu itu masup bui dan 3 kali berturut2 walkot medan pada masup bui,untung orang medan kemaren pas presiden blusukan bawa lewat jalan berlobang presiden langsung negur perintah besok langsung baik jalan walkot medan masup bui kali walkot medan masup bui
chyntiaaasari Jalan berlubang apalagi habis hujan itu dimana mana sih tau kenapa pemerintah gak pernah bisa bikin jalan raya yg bener dan berkualitas Tapi kalo lihat foto2ini di Lampung jln raya kayak medan off road kebangetan bupati dan gubernurnya apa pada buta mata mereka dan do nothing,chyntiaaasari jalan lubang habis hujan mana sih tau perintah bikin jalan raya bener kualitas lihat fotoini lampung jalan raya medan off road banget bupati gubernur buta mata do
hajarrr bang hotman lampung emang keras tapi medan pasti lebih keras kann libas semua pemerintah lampung ,hajarrr bang hotman lampung emang keras medan keras kann libas perintah lampung
SAH LAPAS PEREMPUAN MEDAN RESMI MEMILIKI IZIN KLINIK DARI PEMERINTAH KOTA MEDAN httpstconflzggK9VX,sah lapas perempuan medan resmi milik izin klinik perintah kota medan
muchlisar intinya pemerintah di begoin ma china  kok bisa udah teken kontrak trus pemborong bilang sorry salah hitung perkara medan susah atau apalah itu urusan pemborong tapi pemerintah kok nurut ya,muchlisar inti perintah begoin china teken kontrak borong bilang sorry salah hitung perkara medan susah apa urus borong perintah nurut ya
Gubernur Edy Rahmayadi mencoba jalan alternatif MedanBerastagi via Kutalimbaru Selasa 114 Sekitar 975 Km jalan tersebut telah selesai diperbaiki dan dibangun Pemerintah Provinsi Pemprov Sumatera Utara Sumut  httpstcoDgOVPxCdou httpstcoihgDSdtRB2,gubernur edy rahmayadi coba jalan alternatif medanberastagi via kutalimbaru selasa jalan selesai baik bangun perintah provinsi perintah provinsi sumatera utara sumut
RichardWPS jokowi bobbynasution pemkomedan diskominfosumut Infosumutku pemprovsu Gerindra prabowo habiburokhman cumarachel Dahnilanzar ArizaPatria SuaraSETARA KomnasHAM andrerosiade tvOneNews KompasTV Di kuasai dlm arti apa kalau dikuasai dlm arti pemerintah bisa iya bisa tdk tapi kalau dikuasai dlm arti ekonomi mulai dari awal kemerdekaan kota Medan ekonominya di putar warga keturunan dan tidak masalah akurakur saja,richardwps jokowi bobbynasution pemkomedan diskominfosumut infosumutku pemprovsu gerindra prabowo habiburokhman cumarachel dahnilanzar arizapatria suarasetara komnasham andrerosiade tvonenews kompastv kuasa arti asai arti perintah iya asai arti ekonomi merdeka kota medan ekonomi putar warga turun akurakur
democrazymedia Laahhh baru pd tau klo medan emang bgtupenguasanya bukan pejabataparat pemerintahtp gangsteraparat mah dah dikiasai sm mrkini medan bung,democrazymedia laahhh pd tau medan emang bgtupenguasanya pejabataparat pemerintahtp gangsteraparat mah dikiasai mrkini medan
Kom11 Irawan  Gerindra  Sumut2 Di Medan tahun 2004 ada 18 gubernur di Indonesia penghasil sawit bisa untuk membagi hasil terkait kelapa sawit untuk pemerintah pusat Ini perjalanan panjang yg akhirnya tahun lalu kita hasilkan UU nya ini sudah ditampung APBN 2023,kom irawan gerindra sumut medan gubernur indonesia hasil sawit bagi hasil kait kelapa sawit perintah pusat jalan hasil uu nya tampung apbn
Wali Kota Medan  Program Pemerintah Akan Berhasil Jika Didukung Masyarakat httpstcoy4oUnuSTJM,wali kota medan program perintah hasil dukung masyarakat
inilahdotcom Gila negara ini bah Kagak bsa bilang lagi org2 bermasalah kog bsa melenggang masuk ke pemerintah An gmna seleksi nya ini Hubar Habir negara ini kata org medan,inilahdotcom gila negara bah bilang orang masalah kog lenggang masuk perintah an seleksi nya hubar habir negara orang medan
Minimal jalan ke daerahnya aja di perbaiki  gausah banyak bangunan mewah jalannya aja lohhh Kayak jalan dari medan ke berastagi atau berastagi ke lawe pakam perbatasan aceh atau ga coba jalan dari aceh lewat sidikalang ke arah padang  banyak sih beneran pr untuk pemerintah,minimal jalan daerah baik bangun mewah jalan lohhh jalan medan berastagi berastagi lawe pakam batas aceh coba jalan aceh sidikalang arah padang sih beneran pr perintah
Medan  Rabu12042023  Rupbasan Kelas I Medan mengikuti kegiatan zoom meeting Pencegahan dan Monitoring Komisi Pemberantasan Korupsi terkait Sosialisasi Pelaksanaan eSPI Tahun 2023  Dalam rangka membangun KementerianLembagaPemerintah Daerah memetakan risiko korupsi dan httpstcowygar2ehKb,medan rabu rupbasan kelas i medan ikut giat zoom meeting cegah monitoring komisi berantas korupsi kait sosialisasi laksana espi rangka bangun kementerianlembagapemerintah daerah meta risiko korupsi
Msh tinggi kah kriminalitas di kota Medan Thn 2017 sy lakukan lit tesis dg lokus kota Medan ttg kriminalitas sejatinya seluruh ormas kepemudaan diberdayakan pemerintah setempat utk mjg kekondusifan masy jgn hny diikutkn saat giat2 artifisialprotokoler,kah kriminalitas kota medan laku lit tesis lokus kota medan ttg kriminalitas sejati ormas pemuda daya perintah mjg kondusif masy diikutkn giat artifisialprotokoler
Medan  Walikota Bobby Nasution mantu Jokowi tunjukkan bhw ia juga seorg pembela Islam yg baik dgn kerahkan Satpol PP utk hadang jemaat masuk ke gedung gereja utk beribadah  Diskriminasi oleh pemerintah ini tunjukkan Indonesia adalah negara penindas minoritas pelanggar HAM httpstco2ZmDumVYu3,medan walikota bobby nasution mantu jokowi tunjuk bhw seorg bela islam kerah satpol pp hadang jemaat masuk gedung gereja ibadah diskriminasi perintah tunjuk indonesia negara tindas minoritas langgar ham
Personil polsek Percut sei tuan melaksanakan pengamanan  Penyaluran Bantuan Pangan Cadangan Beras Pemerintah BPCBP Tahap 1 Tahun 2023 untuk Wilayah Kec Medan Tembung bertempat di Aula Sentra Bahagia Medan UPT Kementerian Sosial Jl William Iskandar No 377 Kel Indra Kasih httpstcohFOVfRNeeP,personil polsek cut sei tuan laksana aman salur bantu pangan cadang beras perintah bpcbp tahap wilayah kec medan tembung tempat aula sentra bahagia medan upt menteri sosial jalan william iskandar nomor kel indra kasih
Pergerakan mereka sangat luar biasa seperti Pemerintah Tentera Rusia Bahagian Timur digerakkan ke Barat buat kali pertama sejak Perang Dunia Kedua  Selain pergerakan tentera untuk menyertai latihan tetapi peralatan macam berperang seperti pergerakan besar besaran Hospital Medan,gera perintah tentera rusia bahagian timur gerak barat kali perang dunia gera tentera serta latih alat perang gera besar hospital medan
Pemerintah Provinsi Sumatera Utara menggelar Ramadhan Bermartabat Fest selama 11 hari 716 April di halaman eks Medan Club Jalan Kartini Nomor 36 Medan Ini menjadi tempat buka puasa bersama yang asik di pusat Kota Medan httpstcoEzWuZUKiY0,perintah provinsi sumatera utara gelar ramadhan martabat fest april halaman eks medan club jalan kartini nomor medan buka puasa asik pusat kota medan
Pelantikan Rektor UHN Medan dan Pematangsiantar RahmayadiEdy Akui Peran Keilmuan dari HKBP Nommensen Bantu Pemerintah  SELENGKAPNYA  httpstco5ECVBwSkBl httpstcogwT8lmlbs5,lantik rektor uhn medan pematangsiantar rahmayadiedy aku peran ilmu hkbp nommensen bantu perintah lengkap
ruhutsitompul Ibarat pepatah semakin tua semakin jadi penjilat pemerintah  Sipoltak Raja jilat dari medanhahahaaa,ruhutsitompul pepatah tua jilat perintah sipoltak raja jilat medanhahahaaa
Pemerintah Kota Medan Mengucapkan Selamat Hari Raya Paskah bagi Umat Kristiani di Kota Medan  9 April 2023  KolaborasiMedanBerkah MedanBerkah SalamKolaborasi   httpstcoYXk4OTNrJj,perintah kota medan selamat raya paskah umat kristiani kota medan april kolaborasimedanberkah medanberkah salamkolaborasi
Pemerintah Kota Medan Mengucapkan Selamat Memperingati Hari Raya Paskah 9 April 2023 httpstcoK04BPI7GQT,perintah kota medan selamat ingat raya paskah april
Politisi PKS desak Pemerintah upayakan pemulangan PMI nonprosedural korban TPPO dari Suriah  Medan Insider httpstcoQRmqLuW31w,politis pks desak perintah upaya pulang pmi nonprosedural korban tppo suriah medan insider
Sebanyak 5000 kuota mudik gratis Lebaran 2023 atau Hari Raya Idulfitri 1444 H dibuka pendaftarannya oleh Pemerintah Kota Medan Sumatera Utara pada 36 April 2023  CARITAU di sini httpstco1nm0QWNDZI  caritau caritaucom mudikgratis mudikgratis2023  MEDAN kotamedan,kuota mudik gratis lebaran raya idulfitri h buka daftar perintah kota medan sumatera utara april caritau caritau caritaucom mudikgratis mudikgratis medan kotamedan
Acara yang digelar oleh Pemerintah Kota Medan dengan tujuan untuk memohon kemudahan  PrabowoPemersatu  IkutPakde,acara gelar perintah kota medan tuju mohon mudah prabowopemersatu ikutpakde
Taman Cadika yang terletak di Jalan Karya Wisata Kelurahan Pangkalan Masyhur Kecamatan Medan Johor merupakan Aset Pemerintah Kota Medan yang tercatat dan terdaftar pada Kartu Inventaris Barang  A Tanah dengan alas hak Sertifikat Hak Pengelolaan No 1 Tahun 1994 BPN httpstcoo6GlCtDXJZ,taman cadika letak jalan karya wisata lurah pangkal masyhur camat medan johor aset perintah kota medan catat daftar kartu inventaris barang a tanah alas hak sertifikat hak kelola nomor bpn
Pemerintah Kota Medan Mengucapkan Selamat Memperingati Jumat Agung Wafat Isa Almasih 7 April 2023  KolaborasiMedanBerkah MedanBerkah SalamKolaborasi httpstcoD9bo5KNhzB,perintah kota medan selamat ingat jumat agung wafat isa almasih april kolaborasimedanberkah medanberkah salamkolaborasi
Pemerintah Kota Medan   Mengucapkan  Selamat Memperingati Jumat Agung Wafat Isa Almasih  Bagi Umat Kristiani di Kota Medan  KolaborasiMedanBerkah MedanBerkah SalamKolaborasi httpstcoo0eE7GwLB1,perintah kota medan selamat ingat jumat agung wafat isa almasih umat kristiani kota medan kolaborasimedanberkah medanberkah salamkolaborasi
Halo kawanpajak  Selasa 4423 KPP Pratama Medan Timur melaksanakan Kelas Pajak dengan tema Pelaporan SPT Unifikasi bersama dengan Instansi Pemerintah  ditjenpajakri pajaksumut1 kemenkeuri   Bersama kita wujudkan PajakkuatIndonesiaMaju PajakDariKitaUntukKita httpstcoiC7fc4wY2h,halo kawanpajak selasa kpp pratama medan timur laksana kelas pajak tema lapor unifikasi instansi perintah ditjenpajakri pajaksumut kemenkeuri wujud pajakkuatindonesiamaju pajakdarikitauntukkita
Tim Penagihan Tunggakan Pajak Daerah Tahun 2023 sedang melaksanakan kembali kegiatan penagihan tunggakan Tim ini terdiri dari Pegawai Bapenda Kota Medan Polrestabes Kodim Kejaksaan Satpol PP dan beberapa OPD lainnya di lingkungan Pemerintah Kota Medan httpstcowN0wPpSQj3,tim tagih tunggak pajak daerah laksana giat tagih tunggak tim pegawai bapenda kota medan polrestabes kodim jaksa satpol pp opd lingkung perintah kota medan
sekaligus penghargaan dari pemerintah terhadap para Pahlawan Prajurit KRI Nanggala402 yang telah gugur di medan tugas PrabowoUntukIndonesia  IkutPakde Prabowo Subianto,harga perintah pahlawan prajurit kri nanggala gugur medan tugas prabowountukindonesia ikutpakde prabowo subianto
KrisyantoOni Mungkin ada yg belum anda tahu bang  Tempat itu tadinya tempat nongkrong sahabat kami dari Medan Belakangan oleh pemilik nya di jadikan gereja tanpa menempuh persyaratan administrasi kepada pemerintah daerah Jadi kami masyarakat ormas Purwakarta tidak pernah melakukan tekanan,krisyantooni bang nongkrong sahabat medan milik nya jadi gereja tempuh syarat administrasi perintah daerah masyarakat ormas purwakarta tekan
EMHARIYANTO jansenjsp Oh iya ada yg lupa  Bahwa yg disegel itu bukan gereja tapi sebuah pendopo atau padepokan tempat nongkrong sahabat kami orang Medan Bangunan itu telah berdiri sejak tahun 2018 Belakangan oleh pemilik nya di jadikan gereja tanpa  menempuh  perijinan kepada pemerintah daerah,emhariyanto jansenjsp oh iya lupa segel gereja pendopo padepokan nongkrong sahabat orang medan bangun diri milik nya jadi gereja tempuh perijinan perintah daerah
Pemerintah Kota Medan Sumatera Utara segera mencairkan bantuan insentif sekitar 2000 orang guru honorer selama tiga bulan terakhir di bulan suci Ramadan 1444 Hijriah httpstcos4BBcN6QyQ,perintah kota medan sumatera utara cair bantu insentif orang guru honorer suci ramadan hijriah
liputan6dotcom Seharusnya molissemacam polytron fox runited tx 1800united mx3000uwinfly x7tangkasalvaonebegituyg kuat nanjak medan beratdan jelas dukung program pemerintah go green kabwonogiri humaswonogiri diskominfowng humaswonogiri luhutbinsar,liputandotcom molissemacam polytron fox runited tx united mxuwinfly xtangkasalvaonebegituyg kuat nanjak medan beratdan dukung program perintah go green kabwonogiri humaswonogiri diskominfowng humaswonogiri luhutbinsar
Gak usah kau kerja Setan di Medan ini berhenti saja kau dari pegawai Pemerintah SipilMiliter Aku gak ada duit  Presiden E Darwin,kau kerja setan medan henti kau pegawai perintah sipilmiliter duit presiden e darwin
Pemerintah Kota Medan Pemkot Medan menurunkan angka stunting pada 2023 Dari sebelumnya 550 kasus pada 2022 sekarang hanya tinggal 298 kasus httpstcoDa1tEkU8Ki,perintah kota medan perintah kota medan turun angka stunting tinggal
Kebijakan pemerintah tentunya sudah dikaji secara matang httpstcoKxH0DbCpAa JokowiHebat Polrestabes Medan Luar Biasa,bijak perintah kaji matang jokowihebat polrestabes medan
Saya mendukung langkah pemerintah untuk Indonesia sejahtera httpstcoYaxEpuDAkq JokowiHebat Iphone 14 Polrestabes Medan,dukung langkah perintah indonesia sejahtera jokowihebat iphone polrestabes medan
Keberhasilan pemerintah telah terbukti dengan membangun negeri ini httpstcoz8JJXl9N9s JokowiHebat Polrestabes Medan Luar Biasa,hasil perintah bukti bangun negeri jokowihebat polrestabes medan
Jangan percaya pemerintah atau siapapun yang berusaha memisahkan olahraga dari politik   Karena ini yang mereka lakukan obral kursi petinggi olahraga ke kader partai amp  anak eksbos Antam  Olahraga gak lepas dari politik Entah jadi sarana solidaritas atau medan kekuasaan elit,percaya perintah usaha pisah olahraga politik laku obral kursi petinggi olahraga kader partai amp anak eksbos antam olahraga lepas politik sarana solidaritas medan kuasa elit
Yuk Rakyat Yogyakarta dukung penuh kebijakan pemerintah untuk memajukan bangsa dan negara https JokowiHebat Polrestabes Medan Luar Biasa,yuk rakyat yogyakarta dukung penuh bijak perintah maju bangsa negara https jokowihebat polrestabes medan
Kami Mendukung segala kebijakan Pemerintah yang memperhatikan masyarakat bawah httpstwitterc JokowiHebat Polrestabes Medan Luar Biasa,dukung bijak perintah perhati masyarakat jokowihebat polrestabes medan
Pemerintah membuat kebiijakan untuk kepentingan masyarakat httpstcot6J4Zost0U JokowiHebat Iphone 14 Polrestabes Medan,perintah kebiijakan penting masyarakat jokowihebat iphone polrestabes medan
Mari dukung Kebijakan Pemerintah demi kemajuan Indonesia httpstcoCCSJ3cUIx6 JokowiHebat Iphone 14 Polrestabes Medan,mari dukung bijak perintah maju indonesia jokowihebat iphone polrestabes medan
Komisi 3 DPRD Kota Medan menggelar Rapat Dengar Pendapat RDP dengan para Pedagang Pakaian Bekas Impor terkait Kebijakan Pemerintah Melarang Impor Pakaian Bekas Senin 03042023 httpstco34j2tHnVlc,komisi dprd kota medan gelar rapat dengar dapat rdp dagang pakai bekas impor kait bijak perintah larang impor pakai bekas senin
Berikan Dukungan penuh untuk kebijakan pemerintah untuk memajukan Indonesia httpstcovKuVV3eNOA JokowiHebat Polrestabes Medan Luar Biasa,dukung penuh bijak perintah maju indonesia jokowihebat polrestabes medan
Mari dukung pemerintah dalam wujudkan kemajuan httpstcoKs94hfuHd4 JokowiHebat Polrestabes Medan Luar Biasa,mari dukung perintah wujud maju jokowihebat polrestabes medan
Yoursweetsugarr Ucoopppp tanyarlfes Pembinaan kesejahteraan kluarga itu loh organisasi khusus wanita dri pemerintah Biasanya yg jdi ketua PKK itu istri dri pemimpin daerah itu Misalnya kahiyang anaknya jokowi itu ketua TP PKK Kota Medan krna suaminya walikota medan,yoursweetsugarr ucoopppp tanyarlfes bina sejahtera keluarga organisasi khusus wanita perintah ketua pkk istri pimpin daerah kahiyang anak jokowi ketua pkk kota medan suami walikota medan
Fasilitas Bus  dikota medan menurut gue uda membaik dari sebelumnya  namun masih ada PR besar untuk pemerintah kota agar membuat titiktitik halte lebih rapi dan proper serta membuat titik maps pada google maps sehingga pengguna bisa jelas untuk tahu titik httpstcoNXCFAf6HJT,fasilitas bus kota medan baik pr perintah kota titiktitik halte rapi proper titik maps google maps guna titik
Bhabinkamtibmas Kel Kebun Lada Aiptu Julianto Melaksanakan Giat monitoring  Pasar Murah Pemerintah kota Binjai bersama Perum Bulog Cabang Medan Dalam Rangka penanganan Inflasi dan menyambut Hari besar Nasional Ramadhan 1444 H2023 bertempat di Balai Kelurahan Kebun Lada httpstco73jgllnNTN,bhabinkamtibmas kel kebun lada aiptu julianto laksana giat monitoring pasar murah perintah kota binjai perum bulog cabang medan rangka tangan inflasi sambut nasional ramadhan h tempat balai lurah kebun lada
Kami Sangat Mendukung Segala Kebijakan Pemerintah yang menerapkan Pemerataan Kesejahteraan di se JokowiHebat Polrestabes Medan Luar Biasa,dukung bijak perintah terap perata sejahtera jokowihebat polrestabes medan
kita yakin dengan pemerintah indonesia maju httpstcoOIj3DqNKmw JokowiHebat Iphone 14 Polrestabes Medan,perintah indonesia maju jokowihebat iphone polrestabes medan
Pemerintah Presiden Jokowi banyak kebijakan yang menyejahterakan rakyat httpstcoavU1l4sZ3k JokowiHebat Polrestabes Medan Luar Biasa,perintah presiden jokowi bijak sejahtera rakyat jokowihebat polrestabes medan
Yuk Rakyat Yogyakarta dukung penuh kebijakan pemerintah untuk memajukan bangsa dan negara https JokowiHebat Iphone 14 Polrestabes Medan,yuk rakyat yogyakarta dukung penuh bijak perintah maju bangsa negara https jokowihebat iphone polrestabes medan
Kebijakan Pemerintah sangat memperhatikan kepentingan Masyarakat demi kesejahteraan bersama https JokowiHebat Iphone 14 Polrestabes Medan,bijak perintah perhati penting masyarakat sejahtera https jokowihebat iphone polrestabes medan
Masyarakat daerah istimewa yogyakarta mendukung kebijakan pemerintah untuk kesejahteraan masyaraka JokowiHebat Iphone 14 Polrestabes Medan,masyarakat daerah istimewa yogyakarta dukung bijak perintah sejahtera masyaraka jokowihebat iphone polrestabes medan
pemerintah memberikan yang terbaik untuk indonesia httpstco8AH6nF4dmu JokowiHebat Iphone 14 Polrestabes Medan,perintah baik indonesia jokowihebat iphone polrestabes medan
Yuk dukung setiap kebijakan pemerintah httpstcoLb6jY42CcB JokowiHebat Iphone 14 Polrestabes Medan,yuk dukung bijak perintah jokowihebat iphone polrestabes medan
Mari dukung pemerintah dalam wujudkan kemajuan httpstcoIIrMZniXkJ JokowiHebat Iphone 14 Polrestabes Medan,mari dukung perintah wujud maju jokowihebat iphone polrestabes medan
Masyarakat daerah istimewa yogyakarta mendukung kebijakan pemerintah untuk kesejahteraan masyara JokowiHebat Polrestabes Medan Luar Biasa,masyarakat daerah istimewa yogyakarta dukung bijak perintah sejahtera masyara jokowihebat polrestabes medan
kita dukung pemerintah memajukan indonesia httpstcokvYFHFUEY3 JokowiHebat Iphone 14 Polrestabes Medan,dukung perintah maju indonesia jokowihebat iphone polrestabes medan
Kebijakan Pemerintah sangat memperhatikan kepentingan Masyarakat demi kesejahteraan bersama http JokowiHebat Polrestabes Medan Luar Biasa,bijak perintah perhati penting masyarakat sejahtera http jokowihebat polrestabes medan
Kebijakan pemerintah tentunya sudah dikaji secara matang httpstcoMN1R2alRA2 JokowiHebat Iphone 14 Polrestabes Medan,bijak perintah kaji matang jokowihebat iphone polrestabes medan
Keren pemerintah bekerja keras untuk rakyatnya httpstcoIIrMZniXkJ JokowiHebat Iphone 14 Polrestabes Medan,keren perintah keras rakyat jokowihebat iphone polrestabes medan
BNNP Sumut terus mendorong pemerintah Kota Medan untuk segera mendirikan BNN Kota Medan Agar peran P4GN di kota Medan dapat ditingkatkan dan masyarakat bisa terhindar dari bahayanya narkoba  bnn bnnri bnnpsumut musrenbang httpstcosszh1yWOLw httpstcoEwYPCXkEqR,bnnp sumut dorong perintah kota medan diri bnn kota medan peran kota medan tingkat masyarakat hindar bahaya narkoba bnn bnnri bnnpsumut musrenbang
Dukung kebijakan pemerintah untuk Indonesia Maju httpstcoarFQQSv7Eq JokowiHebat Iphone 14 Polrestabes Medan,dukung bijak perintah indonesia maju jokowihebat iphone polrestabes medan
Masyarakat Sumatera Selatan mendukung kebijakan pemerintah untuk kesejahteraan masyarakat https JokowiHebat Iphone 14 Polrestabes Medan,masyarakat sumatera selatan dukung bijak perintah sejahtera masyarakat https jokowihebat iphone polrestabes medan
Saya mendukung langkah pemerintah untuk Indonesia sejahtera httpstcoPpaqhaPR3N JokowiHebat Polrestabes Medan Luar Biasa,dukung langkah perintah indonesia sejahtera jokowihebat polrestabes medan
Pemerintah Kota Medan membuka pendaftaran 5000 kursi mudik gratis Lebaran 2023 Pendaftaran dibuka mulai 3 hingga 6 April 2023  Medan MudikGratis Mudik2023  httpstcoM63OkmfIc7,perintah kota medan buka daftar kursi mudik gratis lebaran daftar buka april medan mudikgratis mudik
Mari dukung pemerintah dalam wujudkan kemajuan httpstcofVdLCGClq5 JokowiHebat Iphone 14 Polrestabes Medan,mari dukung perintah wujud maju jokowihebat iphone polrestabes medan
Berikan Dukungan penuh untuk kebijakan pemerintah untuk memajukan Indonesia httpstcoe2joBahfLR JokowiHebat Iphone 14 Polrestabes Medan,dukung penuh bijak perintah maju indonesia jokowihebat iphone polrestabes medan
Ayo dukung pemerintah dalam membangun bangsa httpstcociW9LpeFwD JokowiHebat Polrestabes Medan Luar Biasa,ayo dukung perintah bangun bangsa jokowihebat polrestabes medan
